Survived,Pclass,SibSp,Parch,Fare,Age_mean_uni,Fare_dbscan,Sex_enc,Embarked_enc,initial_Mr,initial_Mrs,initial_Miss,initial_Master,initial_Honorific,initial_Notable,young_adult,adult,elderly,child
0,3,1,0,7.25,22.0,7.25,0,2,0.0,0.0,0.0,1.0,0.0,0.0,0.0,0.0,0.0,1.0
1,1,1,0,71.2833,38.0,71.2833,1,0,0.0,0.0,0.0,0.0,1.0,0.0,1.0,0.0,0.0,0.0
1,3,0,0,7.925,26.0,7.925,1,2,0.0,0.0,1.0,0.0,0.0,0.0,0.0,0.0,0.0,1.0
1,1,1,0,53.1,35.0,53.1,1,2,0.0,0.0,0.0,0.0,1.0,0.0,1.0,0.0,0.0,0.0
0,3,0,0,8.05,35.0,8.05,0,2,0.0,0.0,0.0,1.0,0.0,0.0,1.0,0.0,0.0,0.0
0,3,0,0,8.4583,29.69911764705882,8.4583,0,1,0.0,0.0,0.0,1.0,0.0,0.0,0.0,0.0,0.0,1.0
0,1,0,0,51.8625,54.0,51.8625,0,2,0.0,0.0,0.0,1.0,0.0,0.0,0.0,0.0,1.0,0.0
0,3,3,1,21.075,2.0,21.075,0,2,0.0,1.0,0.0,0.0,0.0,0.0,0.0,1.0,0.0,0.0
1,3,0,2,11.1333,27.0,11.1333,1,2,0.0,0.0,0.0,0.0,1.0,0.0,0.0,0.0,0.0,1.0
1,2,1,0,30.0708,14.0,30.0708,1,0,0.0,0.0,0.0,0.0,1.0,0.0,0.0,1.0,0.0,0.0
1,3,1,1,16.7,4.0,16.7,1,2,0.0,0.0,1.0,0.0,0.0,0.0,0.0,1.0,0.0,0.0
1,1,0,0,26.55,58.0,26.55,1,2,0.0,0.0,1.0,0.0,0.0,0.0,0.0,0.0,1.0,0.0
0,3,0,0,8.05,20.0,8.05,0,2,0.0,0.0,0.0,1.0,0.0,0.0,0.0,0.0,0.0,1.0
0,3,1,5,31.275,39.0,31.275,0,2,0.0,0.0,0.0,1.0,0.0,0.0,1.0,0.0,0.0,0.0
0,3,0,0,7.8542,14.0,7.8542,1,2,0.0,0.0,1.0,0.0,0.0,0.0,0.0,1.0,0.0,0.0
1,2,0,0,16.0,55.0,16.0,1,2,0.0,0.0,0.0,0.0,1.0,0.0,0.0,0.0,1.0,0.0
0,3,4,1,29.125,2.0,29.125,0,1,0.0,1.0,0.0,0.0,0.0,0.0,0.0,1.0,0.0,0.0
1,2,0,0,13.0,29.69911764705882,13.0,0,2,0.0,0.0,0.0,1.0,0.0,0.0,0.0,0.0,0.0,1.0
0,3,1,0,18.0,31.0,18.0,1,2,0.0,0.0,0.0,0.0,1.0,0.0,1.0,0.0,0.0,0.0
1,3,0,0,7.225,29.69911764705882,7.225,1,0,0.0,0.0,0.0,0.0,1.0,0.0,0.0,0.0,0.0,1.0
0,2,0,0,26.0,35.0,26.0,0,2,0.0,0.0,0.0,1.0,0.0,0.0,1.0,0.0,0.0,0.0
1,2,0,0,13.0,34.0,13.0,0,2,0.0,0.0,0.0,1.0,0.0,0.0,1.0,0.0,0.0,0.0
1,3,0,0,8.0292,15.0,8.0292,1,1,0.0,0.0,1.0,0.0,0.0,0.0,0.0,1.0,0.0,0.0
1,1,0,0,35.5,28.0,35.5,0,2,0.0,0.0,0.0,1.0,0.0,0.0,0.0,0.0,0.0,1.0
0,3,3,1,21.075,8.0,21.075,1,2,0.0,0.0,1.0,0.0,0.0,0.0,0.0,1.0,0.0,0.0
1,3,1,5,31.3875,38.0,31.3875,1,2,0.0,0.0,0.0,0.0,1.0,0.0,1.0,0.0,0.0,0.0
0,3,0,0,7.225,29.69911764705882,7.225,0,0,0.0,0.0,0.0,1.0,0.0,0.0,0.0,0.0,0.0,1.0
0,1,3,2,263.0,19.0,263.0,0,2,0.0,0.0,0.0,1.0,0.0,0.0,0.0,0.0,0.0,1.0
1,3,0,0,7.8792,29.69911764705882,7.8792,1,1,0.0,0.0,1.0,0.0,0.0,0.0,0.0,0.0,0.0,1.0
0,3,0,0,7.8958,29.69911764705882,7.8958,0,2,0.0,0.0,0.0,1.0,0.0,0.0,0.0,0.0,0.0,1.0
0,1,0,0,27.7208,40.0,27.7208,0,0,1.0,0.0,0.0,0.0,0.0,0.0,1.0,0.0,0.0,0.0
1,1,1,0,146.5208,29.69911764705882,146.5208,1,0,0.0,0.0,0.0,0.0,1.0,0.0,0.0,0.0,0.0,1.0
1,3,0,0,7.75,29.69911764705882,7.75,1,1,0.0,0.0,1.0,0.0,0.0,0.0,0.0,0.0,0.0,1.0
0,2,0,0,10.5,66.0,10.5,0,2,0.0,0.0,0.0,1.0,0.0,0.0,0.0,0.0,1.0,0.0
0,1,1,0,82.1708,28.0,82.1708,0,0,0.0,0.0,0.0,1.0,0.0,0.0,0.0,0.0,0.0,1.0
0,1,1,0,52.0,42.0,52.0,0,2,0.0,0.0,0.0,1.0,0.0,0.0,1.0,0.0,0.0,0.0
1,3,0,0,7.2292,29.69911764705882,7.2292,0,0,0.0,0.0,0.0,1.0,0.0,0.0,0.0,0.0,0.0,1.0
0,3,0,0,8.05,21.0,8.05,0,2,0.0,0.0,0.0,1.0,0.0,0.0,0.0,0.0,0.0,1.0
0,3,2,0,18.0,18.0,18.0,1,2,0.0,0.0,1.0,0.0,0.0,0.0,0.0,0.0,0.0,1.0
1,3,1,0,11.2417,14.0,11.2417,1,0,0.0,0.0,1.0,0.0,0.0,0.0,0.0,1.0,0.0,0.0
0,3,1,0,9.475,40.0,9.475,1,2,0.0,0.0,0.0,0.0,1.0,0.0,1.0,0.0,0.0,0.0
0,2,1,0,21.0,27.0,21.0,1,2,0.0,0.0,0.0,0.0,1.0,0.0,0.0,0.0,0.0,1.0
0,3,0,0,7.8958,29.69911764705882,7.8958,0,0,0.0,0.0,0.0,1.0,0.0,0.0,0.0,0.0,0.0,1.0
1,2,1,2,41.5792,3.0,41.5792,1,0,0.0,0.0,1.0,0.0,0.0,0.0,0.0,1.0,0.0,0.0
1,3,0,0,7.8792,19.0,7.8792,1,1,0.0,0.0,1.0,0.0,0.0,0.0,0.0,0.0,0.0,1.0
0,3,0,0,8.05,29.69911764705882,8.05,0,2,0.0,0.0,0.0,1.0,0.0,0.0,0.0,0.0,0.0,1.0
0,3,1,0,15.5,29.69911764705882,15.5,0,1,0.0,0.0,0.0,1.0,0.0,0.0,0.0,0.0,0.0,1.0
1,3,0,0,7.75,29.69911764705882,7.75,1,1,0.0,0.0,1.0,0.0,0.0,0.0,0.0,0.0,0.0,1.0
0,3,2,0,21.6792,29.69911764705882,21.6792,0,0,0.0,0.0,0.0,1.0,0.0,0.0,0.0,0.0,0.0,1.0
0,3,1,0,17.8,18.0,17.8,1,2,0.0,0.0,0.0,0.0,1.0,0.0,0.0,0.0,0.0,1.0
0,3,4,1,39.6875,7.0,39.6875,0,2,0.0,1.0,0.0,0.0,0.0,0.0,0.0,1.0,0.0,0.0
0,3,0,0,7.8,21.0,7.8,0,2,0.0,0.0,0.0,1.0,0.0,0.0,0.0,0.0,0.0,1.0
1,1,1,0,76.7292,49.0,76.7292,1,0,0.0,0.0,0.0,0.0,1.0,0.0,1.0,0.0,0.0,0.0
1,2,1,0,26.0,29.0,26.0,1,2,0.0,0.0,0.0,0.0,1.0,0.0,0.0,0.0,0.0,1.0
0,1,0,1,61.9792,65.0,61.9792,0,0,0.0,0.0,0.0,1.0,0.0,0.0,0.0,0.0,1.0,0.0
1,1,0,0,35.5,29.69911764705882,35.5,0,2,0.0,0.0,0.0,1.0,0.0,0.0,0.0,0.0,0.0,1.0
1,2,0,0,10.5,21.0,10.5,1,2,0.0,0.0,1.0,0.0,0.0,0.0,0.0,0.0,0.0,1.0
0,3,0,0,7.2292,28.5,7.2292,0,0,0.0,0.0,0.0,1.0,0.0,0.0,0.0,0.0,0.0,1.0
1,2,1,2,27.75,5.0,27.75,1,2,0.0,0.0,1.0,0.0,0.0,0.0,0.0,1.0,0.0,0.0
0,3,5,2,46.9,11.0,46.9,0,2,0.0,1.0,0.0,0.0,0.0,0.0,0.0,1.0,0.0,0.0
0,3,0,0,7.2292,22.0,7.2292,0,0,0.0,0.0,0.0,1.0,0.0,0.0,0.0,0.0,0.0,1.0
1,1,0,0,80.0,38.0,80.0,1,2,0.0,0.0,1.0,0.0,0.0,0.0,1.0,0.0,0.0,0.0
0,1,1,0,83.475,45.0,83.475,0,2,0.0,0.0,0.0,1.0,0.0,0.0,1.0,0.0,0.0,0.0
0,3,3,2,27.9,4.0,27.9,0,2,0.0,1.0,0.0,0.0,0.0,0.0,0.0,1.0,0.0,0.0
0,1,0,0,27.7208,29.69911764705882,27.7208,0,0,0.0,0.0,0.0,1.0,0.0,0.0,0.0,0.0,0.0,1.0
1,3,1,1,15.2458,29.69911764705882,15.2458,0,0,0.0,1.0,0.0,0.0,0.0,0.0,0.0,0.0,0.0,1.0
1,2,0,0,10.5,29.0,10.5,1,2,0.0,0.0,0.0,0.0,1.0,0.0,0.0,0.0,0.0,1.0
0,3,0,0,8.1583,19.0,8.1583,0,2,0.0,0.0,0.0,1.0,0.0,0.0,0.0,0.0,0.0,1.0
1,3,4,2,7.925,17.0,7.925,1,2,0.0,0.0,1.0,0.0,0.0,0.0,0.0,0.0,0.0,1.0
0,3,2,0,8.6625,26.0,8.6625,0,2,0.0,0.0,0.0,1.0,0.0,0.0,0.0,0.0,0.0,1.0
0,2,0,0,10.5,32.0,10.5,0,2,0.0,0.0,0.0,1.0,0.0,0.0,1.0,0.0,0.0,0.0
0,3,5,2,46.9,16.0,46.9,1,2,0.0,0.0,1.0,0.0,0.0,0.0,0.0,1.0,0.0,0.0
0,2,0,0,73.5,21.0,73.5,0,2,0.0,0.0,0.0,1.0,0.0,0.0,0.0,0.0,0.0,1.0
0,3,1,0,14.4542,26.0,14.4542,0,0,0.0,0.0,0.0,1.0,0.0,0.0,0.0,0.0,0.0,1.0
1,3,0,0,56.4958,32.0,56.4958,0,2,0.0,0.0,0.0,1.0,0.0,0.0,1.0,0.0,0.0,0.0
0,3,0,0,7.65,25.0,7.65,0,2,0.0,0.0,0.0,1.0,0.0,0.0,0.0,0.0,0.0,1.0
0,3,0,0,7.8958,29.69911764705882,7.8958,0,2,0.0,0.0,0.0,1.0,0.0,0.0,0.0,0.0,0.0,1.0
0,3,0,0,8.05,29.69911764705882,8.05,0,2,0.0,0.0,0.0,1.0,0.0,0.0,0.0,0.0,0.0,1.0
1,2,0,2,29.0,0.83,29.0,0,2,0.0,1.0,0.0,0.0,0.0,0.0,0.0,1.0,0.0,0.0
1,3,0,0,12.475,30.0,12.475,1,2,0.0,0.0,1.0,0.0,0.0,0.0,0.0,0.0,0.0,1.0
0,3,0,0,9.0,22.0,9.0,0,2,0.0,0.0,0.0,1.0,0.0,0.0,0.0,0.0,0.0,1.0
1,3,0,0,9.5,29.0,9.5,0,2,0.0,0.0,0.0,1.0,0.0,0.0,0.0,0.0,0.0,1.0
1,3,0,0,7.7875,29.69911764705882,7.7875,1,1,0.0,0.0,1.0,0.0,0.0,0.0,0.0,0.0,0.0,1.0
0,1,0,0,47.1,28.0,47.1,0,2,0.0,0.0,0.0,1.0,0.0,0.0,0.0,0.0,0.0,1.0
1,2,0,0,10.5,17.0,10.5,1,2,0.0,0.0,1.0,0.0,0.0,0.0,0.0,0.0,0.0,1.0
1,3,3,0,15.85,33.0,15.85,1,2,0.0,0.0,0.0,0.0,1.0,0.0,1.0,0.0,0.0,0.0
0,3,1,3,34.375,16.0,34.375,0,2,0.0,0.0,0.0,1.0,0.0,0.0,0.0,1.0,0.0,0.0
0,3,0,0,8.05,29.69911764705882,8.05,0,2,0.0,0.0,0.0,1.0,0.0,0.0,0.0,0.0,0.0,1.0
1,1,3,2,263.0,23.0,263.0,1,2,0.0,0.0,1.0,0.0,0.0,0.0,0.0,0.0,0.0,1.0
0,3,0,0,8.05,24.0,8.05,0,2,0.0,0.0,0.0,1.0,0.0,0.0,0.0,0.0,0.0,1.0
0,3,0,0,8.05,29.0,8.05,0,2,0.0,0.0,0.0,1.0,0.0,0.0,0.0,0.0,0.0,1.0
0,3,0,0,7.8542,20.0,7.8542,0,2,0.0,0.0,0.0,1.0,0.0,0.0,0.0,0.0,0.0,1.0
0,1,1,0,61.175,46.0,61.175,0,2,0.0,0.0,0.0,1.0,0.0,0.0,1.0,0.0,0.0,0.0
0,3,1,2,20.575,26.0,20.575,0,2,0.0,0.0,0.0,1.0,0.0,0.0,0.0,0.0,0.0,1.0
0,3,0,0,7.25,59.0,7.25,0,2,0.0,0.0,0.0,1.0,0.0,0.0,0.0,0.0,1.0,0.0
0,3,0,0,8.05,29.69911764705882,8.05,0,2,0.0,0.0,0.0,1.0,0.0,0.0,0.0,0.0,0.0,1.0
0,1,0,0,34.6542,71.0,34.6542,0,0,0.0,0.0,0.0,1.0,0.0,0.0,0.0,0.0,1.0,0.0
1,1,0,1,63.3583,23.0,63.3583,0,0,0.0,0.0,0.0,1.0,0.0,0.0,0.0,0.0,0.0,1.0
1,2,0,1,23.0,34.0,23.0,1,2,0.0,0.0,0.0,0.0,1.0,0.0,1.0,0.0,0.0,0.0
0,2,1,0,26.0,34.0,26.0,0,2,0.0,0.0,0.0,1.0,0.0,0.0,1.0,0.0,0.0,0.0
0,3,0,0,7.8958,28.0,7.8958,1,2,0.0,0.0,1.0,0.0,0.0,0.0,0.0,0.0,0.0,1.0
0,3,0,0,7.8958,29.69911764705882,7.8958,0,2,0.0,0.0,0.0,1.0,0.0,0.0,0.0,0.0,0.0,1.0
0,1,0,1,77.2875,21.0,77.2875,0,2,0.0,0.0,0.0,1.0,0.0,0.0,0.0,0.0,0.0,1.0
0,3,0,0,8.6542,33.0,8.6542,0,2,0.0,0.0,0.0,1.0,0.0,0.0,1.0,0.0,0.0,0.0
0,3,2,0,7.925,37.0,7.925,0,2,0.0,0.0,0.0,1.0,0.0,0.0,1.0,0.0,0.0,0.0
0,3,0,0,7.8958,28.0,7.8958,0,2,0.0,0.0,0.0,1.0,0.0,0.0,0.0,0.0,0.0,1.0
1,3,0,0,7.65,21.0,7.65,1,2,0.0,0.0,1.0,0.0,0.0,0.0,0.0,0.0,0.0,1.0
1,3,0,0,7.775,29.69911764705882,7.775,0,2,0.0,0.0,0.0,1.0,0.0,0.0,0.0,0.0,0.0,1.0
0,3,0,0,7.8958,38.0,7.8958,0,2,0.0,0.0,0.0,1.0,0.0,0.0,1.0,0.0,0.0,0.0
1,3,1,0,24.15,29.69911764705882,24.15,1,1,0.0,0.0,1.0,0.0,0.0,0.0,0.0,0.0,0.0,1.0
0,1,0,0,52.0,47.0,52.0,0,2,0.0,0.0,0.0,1.0,0.0,0.0,1.0,0.0,0.0,0.0
0,3,1,0,14.4542,14.5,14.4542,1,0,0.0,0.0,1.0,0.0,0.0,0.0,0.0,1.0,0.0,0.0
0,3,0,0,8.05,22.0,8.05,0,2,0.0,0.0,0.0,1.0,0.0,0.0,0.0,0.0,0.0,1.0
0,3,1,0,9.825,20.0,9.825,1,2,0.0,0.0,1.0,0.0,0.0,0.0,0.0,0.0,0.0,1.0
0,3,0,0,14.4583,17.0,14.4583,1,0,0.0,0.0,1.0,0.0,0.0,0.0,0.0,0.0,0.0,1.0
0,3,0,0,7.925,21.0,7.925,0,2,0.0,0.0,0.0,1.0,0.0,0.0,0.0,0.0,0.0,1.0
0,3,0,0,7.75,70.5,7.75,0,1,0.0,0.0,0.0,1.0,0.0,0.0,0.0,0.0,1.0,0.0
0,2,1,0,21.0,29.0,21.0,0,2,0.0,0.0,0.0,1.0,0.0,0.0,0.0,0.0,0.0,1.0
0,1,0,1,247.5208,24.0,247.5208,0,0,0.0,0.0,0.0,1.0,0.0,0.0,0.0,0.0,0.0,1.0
0,3,4,2,31.275,2.0,31.275,1,2,0.0,0.0,1.0,0.0,0.0,0.0,0.0,1.0,0.0,0.0
0,2,2,0,73.5,21.0,73.5,0,2,0.0,0.0,0.0,1.0,0.0,0.0,0.0,0.0,0.0,1.0
0,3,0,0,8.05,29.69911764705882,8.05,0,2,0.0,0.0,0.0,1.0,0.0,0.0,0.0,0.0,0.0,1.0
0,2,1,0,30.0708,32.5,30.0708,0,0,0.0,0.0,0.0,1.0,0.0,0.0,1.0,0.0,0.0,0.0
1,2,0,0,13.0,32.5,13.0,1,2,0.0,0.0,1.0,0.0,0.0,0.0,1.0,0.0,0.0,0.0
0,1,0,1,77.2875,54.0,77.2875,0,2,0.0,0.0,0.0,1.0,0.0,0.0,0.0,0.0,1.0,0.0
1,3,1,0,11.2417,12.0,11.2417,0,0,0.0,1.0,0.0,0.0,0.0,0.0,0.0,1.0,0.0,0.0
0,3,0,0,7.75,29.69911764705882,7.75,0,1,0.0,0.0,0.0,1.0,0.0,0.0,0.0,0.0,0.0,1.0
1,3,0,0,7.1417,24.0,7.1417,0,2,0.0,0.0,0.0,1.0,0.0,0.0,0.0,0.0,0.0,1.0
1,3,1,1,22.3583,29.69911764705882,22.3583,1,0,0.0,0.0,1.0,0.0,0.0,0.0,0.0,0.0,0.0,1.0
0,3,0,0,6.975,45.0,6.975,0,2,0.0,0.0,0.0,1.0,0.0,0.0,1.0,0.0,0.0,0.0
0,3,0,0,7.8958,33.0,7.8958,0,0,0.0,0.0,0.0,1.0,0.0,0.0,1.0,0.0,0.0,0.0
0,3,0,0,7.05,20.0,7.05,0,2,0.0,0.0,0.0,1.0,0.0,0.0,0.0,0.0,0.0,1.0
0,3,1,0,14.5,47.0,14.5,1,2,0.0,0.0,0.0,0.0,1.0,0.0,1.0,0.0,0.0,0.0
1,2,1,0,26.0,29.0,26.0,1,2,0.0,0.0,0.0,0.0,1.0,0.0,0.0,0.0,0.0,1.0
0,2,0,0,13.0,25.0,13.0,0,2,0.0,0.0,0.0,1.0,0.0,0.0,0.0,0.0,0.0,1.0
0,2,0,0,15.0458,23.0,15.0458,0,0,0.0,0.0,0.0,1.0,0.0,0.0,0.0,0.0,0.0,1.0
1,1,0,2,26.2833,19.0,26.2833,1,2,0.0,0.0,1.0,0.0,0.0,0.0,0.0,0.0,0.0,1.0
0,1,1,0,53.1,37.0,53.1,0,2,0.0,0.0,0.0,1.0,0.0,0.0,1.0,0.0,0.0,0.0
0,3,0,0,9.2167,16.0,9.2167,0,2,0.0,0.0,0.0,1.0,0.0,0.0,0.0,1.0,0.0,0.0
0,1,0,0,79.2,24.0,79.2,0,0,0.0,0.0,0.0,1.0,0.0,0.0,0.0,0.0,0.0,1.0
0,3,0,2,15.2458,29.69911764705882,15.2458,1,0,0.0,0.0,0.0,0.0,1.0,0.0,0.0,0.0,0.0,1.0
1,3,0,0,7.75,22.0,7.75,1,2,0.0,0.0,1.0,0.0,0.0,0.0,0.0,0.0,0.0,1.0
1,3,1,0,15.85,24.0,15.85,1,2,0.0,0.0,0.0,0.0,1.0,0.0,0.0,0.0,0.0,1.0
0,3,0,0,6.75,19.0,6.75,0,1,0.0,0.0,0.0,1.0,0.0,0.0,0.0,0.0,0.0,1.0
0,2,0,0,11.5,18.0,11.5,0,2,0.0,0.0,0.0,1.0,0.0,0.0,0.0,0.0,0.0,1.0
0,2,1,1,36.75,19.0,36.75,0,2,0.0,0.0,0.0,1.0,0.0,0.0,0.0,0.0,0.0,1.0
1,3,0,0,7.7958,27.0,7.7958,0,2,0.0,0.0,0.0,1.0,0.0,0.0,0.0,0.0,0.0,1.0
0,3,2,2,34.375,9.0,34.375,1,2,0.0,0.0,1.0,0.0,0.0,0.0,0.0,1.0,0.0,0.0
0,2,0,2,26.0,36.5,26.0,0,2,0.0,0.0,0.0,1.0,0.0,0.0,1.0,0.0,0.0,0.0
0,2,0,0,13.0,42.0,13.0,0,2,1.0,0.0,0.0,0.0,0.0,0.0,1.0,0.0,0.0,0.0
0,2,0,0,12.525,51.0,12.525,0,2,1.0,0.0,0.0,0.0,0.0,0.0,0.0,0.0,1.0,0.0
1,1,1,0,66.6,22.0,66.6,1,2,0.0,0.0,0.0,0.0,1.0,0.0,0.0,0.0,0.0,1.0
0,3,0,0,8.05,55.5,8.05,0,2,0.0,0.0,0.0,1.0,0.0,0.0,0.0,0.0,1.0,0.0
0,3,0,2,14.5,40.5,14.5,0,2,0.0,0.0,0.0,1.0,0.0,0.0,1.0,0.0,0.0,0.0
0,3,0,0,7.3125,29.69911764705882,7.3125,0,2,0.0,0.0,0.0,1.0,0.0,0.0,0.0,0.0,0.0,1.0
0,1,0,1,61.3792,51.0,61.3792,0,0,0.0,0.0,0.0,1.0,0.0,0.0,0.0,0.0,1.0,0.0
1,3,0,0,7.7333,16.0,7.7333,1,1,0.0,0.0,1.0,0.0,0.0,0.0,0.0,1.0,0.0,0.0
0,3,0,0,8.05,30.0,8.05,0,2,0.0,0.0,0.0,1.0,0.0,0.0,0.0,0.0,0.0,1.0
0,3,0,0,8.6625,29.69911764705882,8.6625,0,2,0.0,0.0,0.0,1.0,0.0,0.0,0.0,0.0,0.0,1.0
0,3,8,2,69.55,29.69911764705882,69.55,0,2,0.0,1.0,0.0,0.0,0.0,0.0,0.0,0.0,0.0,1.0
0,3,0,1,16.1,44.0,16.1,0,2,0.0,0.0,0.0,1.0,0.0,0.0,1.0,0.0,0.0,0.0
1,2,0,0,15.75,40.0,15.75,1,2,0.0,0.0,0.0,0.0,1.0,0.0,1.0,0.0,0.0,0.0
0,3,0,0,7.775,26.0,7.775,0,2,0.0,0.0,0.0,1.0,0.0,0.0,0.0,0.0,0.0,1.0
0,3,0,0,8.6625,17.0,8.6625,0,2,0.0,0.0,0.0,1.0,0.0,0.0,0.0,0.0,0.0,1.0
0,3,4,1,39.6875,1.0,39.6875,0,2,0.0,1.0,0.0,0.0,0.0,0.0,0.0,1.0,0.0,0.0
1,3,0,2,20.525,9.0,20.525,0,2,0.0,1.0,0.0,0.0,0.0,0.0,0.0,1.0,0.0,0.0
1,1,0,1,55.0,29.69911764705882,55.0,1,2,0.0,0.0,0.0,0.0,1.0,0.0,0.0,0.0,0.0,1.0
0,3,1,4,27.9,45.0,27.9,1,2,0.0,0.0,0.0,0.0,1.0,0.0,1.0,0.0,0.0,0.0
0,1,0,0,25.925,29.69911764705882,25.925,0,2,0.0,0.0,0.0,1.0,0.0,0.0,0.0,0.0,0.0,1.0
0,3,0,0,56.4958,28.0,56.4958,0,2,0.0,0.0,0.0,1.0,0.0,0.0,0.0,0.0,0.0,1.0
0,1,0,0,33.5,61.0,33.5,0,2,0.0,0.0,0.0,1.0,0.0,0.0,0.0,0.0,1.0,0.0
0,3,4,1,29.125,4.0,29.125,0,1,0.0,1.0,0.0,0.0,0.0,0.0,0.0,1.0,0.0,0.0
1,3,1,1,11.1333,1.0,11.1333,1,2,0.0,0.0,1.0,0.0,0.0,0.0,0.0,1.0,0.0,0.0
0,3,0,0,7.925,21.0,7.925,0,2,0.0,0.0,0.0,1.0,0.0,0.0,0.0,0.0,0.0,1.0
0,1,0,0,30.6958,56.0,30.6958,0,0,0.0,0.0,0.0,1.0,0.0,0.0,0.0,0.0,1.0,0.0
0,3,1,1,7.8542,18.0,7.8542,0,2,0.0,0.0,0.0,1.0,0.0,0.0,0.0,0.0,0.0,1.0
0,3,3,1,25.4667,29.69911764705882,25.4667,0,2,0.0,1.0,0.0,0.0,0.0,0.0,0.0,0.0,0.0,1.0
0,1,0,0,28.7125,50.0,28.7125,1,0,0.0,0.0,1.0,0.0,0.0,0.0,1.0,0.0,0.0,0.0
0,2,0,0,13.0,30.0,13.0,0,2,0.0,0.0,0.0,1.0,0.0,0.0,0.0,0.0,0.0,1.0
0,3,0,0,0.0,36.0,0.0,0,2,0.0,0.0,0.0,1.0,0.0,0.0,1.0,0.0,0.0,0.0
0,3,8,2,69.55,29.69911764705882,69.55,1,2,0.0,0.0,1.0,0.0,0.0,0.0,0.0,0.0,0.0,1.0
0,2,0,0,15.05,29.69911764705882,15.05,0,0,0.0,0.0,0.0,1.0,0.0,0.0,0.0,0.0,0.0,1.0
0,3,4,2,31.3875,9.0,31.3875,0,2,0.0,1.0,0.0,0.0,0.0,0.0,0.0,1.0,0.0,0.0
1,2,2,1,39.0,1.0,39.0,0,2,0.0,1.0,0.0,0.0,0.0,0.0,0.0,1.0,0.0,0.0
1,3,0,2,22.025,4.0,22.025,1,2,0.0,0.0,1.0,0.0,0.0,0.0,0.0,1.0,0.0,0.0
0,1,0,0,50.0,29.69911764705882,50.0,0,2,0.0,0.0,0.0,1.0,0.0,0.0,0.0,0.0,0.0,1.0
1,3,1,0,15.5,29.69911764705882,15.5,1,1,0.0,0.0,0.0,0.0,1.0,0.0,0.0,0.0,0.0,1.0
1,1,0,0,26.55,45.0,26.55,0,2,0.0,0.0,0.0,1.0,0.0,0.0,1.0,0.0,0.0,0.0
0,3,1,1,15.5,40.0,15.5,0,1,0.0,0.0,0.0,1.0,0.0,0.0,1.0,0.0,0.0,0.0
0,3,0,0,7.8958,36.0,7.8958,0,2,0.0,0.0,0.0,1.0,0.0,0.0,1.0,0.0,0.0,0.0
1,2,0,0,13.0,32.0,13.0,1,2,0.0,0.0,0.0,0.0,1.0,0.0,1.0,0.0,0.0,0.0
0,2,0,0,13.0,19.0,13.0,0,2,0.0,0.0,0.0,1.0,0.0,0.0,0.0,0.0,0.0,1.0
1,3,1,0,7.8542,19.0,7.8542,1,2,0.0,0.0,1.0,0.0,0.0,0.0,0.0,0.0,0.0,1.0
1,2,1,1,26.0,3.0,26.0,0,2,0.0,1.0,0.0,0.0,0.0,0.0,0.0,1.0,0.0,0.0
1,1,0,0,27.7208,44.0,27.7208,1,0,0.0,0.0,0.0,0.0,1.0,0.0,1.0,0.0,0.0,0.0
1,1,0,0,146.5208,58.0,146.5208,1,0,0.0,0.0,1.0,0.0,0.0,0.0,0.0,0.0,1.0,0.0
0,3,0,0,7.75,29.69911764705882,7.75,0,1,0.0,0.0,0.0,1.0,0.0,0.0,0.0,0.0,0.0,1.0
0,3,0,1,8.4042,42.0,8.4042,0,2,0.0,0.0,0.0,1.0,0.0,0.0,1.0,0.0,0.0,0.0
1,3,0,0,7.75,29.69911764705882,7.75,1,1,0.0,0.0,1.0,0.0,0.0,0.0,0.0,0.0,0.0,1.0
0,2,0,0,13.0,24.0,13.0,1,2,0.0,0.0,1.0,0.0,0.0,0.0,0.0,0.0,0.0,1.0
0,3,0,0,9.5,28.0,9.5,0,2,0.0,0.0,0.0,1.0,0.0,0.0,0.0,0.0,0.0,1.0
0,3,8,2,69.55,29.69911764705882,69.55,0,2,0.0,0.0,0.0,1.0,0.0,0.0,0.0,0.0,0.0,1.0
0,3,0,0,6.4958,34.0,6.4958,0,2,0.0,0.0,0.0,1.0,0.0,0.0,1.0,0.0,0.0,0.0
0,3,0,0,7.225,45.5,7.225,0,0,0.0,0.0,0.0,1.0,0.0,0.0,1.0,0.0,0.0,0.0
1,3,0,0,8.05,18.0,8.05,0,2,0.0,0.0,0.0,1.0,0.0,0.0,0.0,0.0,0.0,1.0
0,3,0,1,10.4625,2.0,10.4625,1,2,0.0,0.0,1.0,0.0,0.0,0.0,0.0,1.0,0.0,0.0
0,3,1,0,15.85,32.0,15.85,0,2,0.0,0.0,0.0,1.0,0.0,0.0,1.0,0.0,0.0,0.0
1,3,0,0,18.7875,26.0,18.7875,0,0,0.0,0.0,0.0,1.0,0.0,0.0,0.0,0.0,0.0,1.0
1,3,0,0,7.75,16.0,7.75,1,1,0.0,0.0,1.0,0.0,0.0,0.0,0.0,1.0,0.0,0.0
1,1,0,0,31.0,40.0,31.0,0,0,0.0,0.0,0.0,1.0,0.0,0.0,1.0,0.0,0.0,0.0
0,3,0,0,7.05,24.0,7.05,0,2,0.0,0.0,0.0,1.0,0.0,0.0,0.0,0.0,0.0,1.0
1,2,0,0,21.0,35.0,21.0,1,2,0.0,0.0,1.0,0.0,0.0,0.0,1.0,0.0,0.0,0.0
0,3,0,0,7.25,22.0,7.25,0,2,0.0,0.0,0.0,1.0,0.0,0.0,0.0,0.0,0.0,1.0
0,2,0,0,13.0,30.0,13.0,0,2,0.0,0.0,0.0,1.0,0.0,0.0,0.0,0.0,0.0,1.0
0,3,1,0,7.75,29.69911764705882,7.75,0,1,0.0,0.0,0.0,1.0,0.0,0.0,0.0,0.0,0.0,1.0
1,1,1,0,113.275,31.0,113.275,1,0,0.0,0.0,1.0,0.0,0.0,0.0,1.0,0.0,0.0,0.0
1,3,0,0,7.925,27.0,7.925,1,2,0.0,0.0,1.0,0.0,0.0,0.0,0.0,0.0,0.0,1.0
0,2,1,0,27.0,42.0,27.0,0,2,0.0,0.0,0.0,1.0,0.0,0.0,1.0,0.0,0.0,0.0
1,1,0,0,76.2917,32.0,76.2917,1,0,0.0,0.0,1.0,0.0,0.0,0.0,1.0,0.0,0.0,0.0
0,2,0,0,10.5,30.0,10.5,0,2,0.0,0.0,0.0,1.0,0.0,0.0,0.0,0.0,0.0,1.0
1,3,0,0,8.05,16.0,8.05,0,2,0.0,0.0,0.0,1.0,0.0,0.0,0.0,1.0,0.0,0.0
0,2,0,0,13.0,27.0,13.0,0,2,0.0,0.0,0.0,1.0,0.0,0.0,0.0,0.0,0.0,1.0
0,3,0,0,8.05,51.0,8.05,0,2,0.0,0.0,0.0,1.0,0.0,0.0,0.0,0.0,1.0,0.0
0,3,0,0,7.8958,29.69911764705882,7.8958,0,2,0.0,0.0,0.0,1.0,0.0,0.0,0.0,0.0,0.0,1.0
1,1,1,0,90.0,38.0,90.0,0,2,0.0,0.0,0.0,1.0,0.0,0.0,1.0,0.0,0.0,0.0
0,3,0,0,9.35,22.0,9.35,0,2,0.0,0.0,0.0,1.0,0.0,0.0,0.0,0.0,0.0,1.0
1,2,0,0,10.5,19.0,10.5,0,2,0.0,0.0,0.0,1.0,0.0,0.0,0.0,0.0,0.0,1.0
0,3,0,0,7.25,20.5,7.25,0,2,0.0,0.0,0.0,1.0,0.0,0.0,0.0,0.0,0.0,1.0
0,2,0,0,13.0,18.0,13.0,0,2,0.0,0.0,0.0,1.0,0.0,0.0,0.0,0.0,0.0,1.0
0,3,3,1,25.4667,29.69911764705882,25.4667,1,2,0.0,0.0,1.0,0.0,0.0,0.0,0.0,0.0,0.0,1.0
1,1,1,0,83.475,35.0,83.475,1,2,0.0,0.0,0.0,0.0,1.0,0.0,1.0,0.0,0.0,0.0
0,3,0,0,7.775,29.0,7.775,0,2,0.0,0.0,0.0,1.0,0.0,0.0,0.0,0.0,0.0,1.0
0,2,0,0,13.5,59.0,13.5,0,2,0.0,0.0,0.0,1.0,0.0,0.0,0.0,0.0,1.0,0.0
1,3,4,2,31.3875,5.0,31.3875,1,2,0.0,0.0,1.0,0.0,0.0,0.0,0.0,1.0,0.0,0.0
0,2,0,0,10.5,24.0,10.5,0,2,0.0,0.0,0.0,1.0,0.0,0.0,0.0,0.0,0.0,1.0
0,3,0,0,7.55,29.69911764705882,7.55,1,2,0.0,0.0,1.0,0.0,0.0,0.0,0.0,0.0,0.0,1.0
0,2,1,0,26.0,44.0,26.0,0,2,0.0,0.0,0.0,1.0,0.0,0.0,1.0,0.0,0.0,0.0
1,2,0,2,26.25,8.0,26.25,1,2,0.0,0.0,1.0,0.0,0.0,0.0,0.0,1.0,0.0,0.0
0,2,0,0,10.5,19.0,10.5,0,2,0.0,0.0,0.0,1.0,0.0,0.0,0.0,0.0,0.0,1.0
0,2,0,0,12.275,33.0,12.275,0,2,0.0,0.0,0.0,1.0,0.0,0.0,1.0,0.0,0.0,0.0
0,3,1,0,14.4542,29.69911764705882,14.4542,1,0,0.0,0.0,1.0,0.0,0.0,0.0,0.0,0.0,0.0,1.0
1,3,1,0,15.5,29.69911764705882,15.5,1,1,0.0,0.0,1.0,0.0,0.0,0.0,0.0,0.0,0.0,1.0
0,2,0,0,10.5,29.0,10.5,0,2,0.0,0.0,0.0,1.0,0.0,0.0,0.0,0.0,0.0,1.0
0,3,0,0,7.125,22.0,7.125,0,2,0.0,0.0,0.0,1.0,0.0,0.0,0.0,0.0,0.0,1.0
0,3,0,0,7.225,30.0,7.225,0,0,0.0,0.0,0.0,1.0,0.0,0.0,0.0,0.0,0.0,1.0
0,1,2,0,90.0,44.0,90.0,0,1,0.0,0.0,0.0,0.0,0.0,1.0,1.0,0.0,0.0,0.0
0,3,0,0,7.775,25.0,7.775,1,2,0.0,0.0,1.0,0.0,0.0,0.0,0.0,0.0,0.0,1.0
1,2,0,2,14.5,24.0,14.5,1,2,0.0,0.0,0.0,0.0,1.0,0.0,0.0,0.0,0.0,1.0
1,1,1,1,52.5542,37.0,52.5542,0,2,0.0,0.0,0.0,1.0,0.0,0.0,1.0,0.0,0.0,0.0
0,2,1,0,26.0,54.0,26.0,0,2,1.0,0.0,0.0,0.0,0.0,0.0,0.0,0.0,1.0,0.0
0,3,0,0,7.25,29.69911764705882,7.25,0,2,0.0,0.0,0.0,1.0,0.0,0.0,0.0,0.0,0.0,1.0
0,3,1,1,10.4625,29.0,10.4625,1,2,0.0,0.0,0.0,0.0,1.0,0.0,0.0,0.0,0.0,1.0
0,1,0,0,26.55,62.0,26.55,0,2,0.0,0.0,0.0,1.0,0.0,0.0,0.0,0.0,1.0,0.0
0,3,1,0,16.1,30.0,16.1,0,2,0.0,0.0,0.0,1.0,0.0,0.0,0.0,0.0,0.0,1.0
0,3,0,2,20.2125,41.0,20.2125,1,2,0.0,0.0,0.0,0.0,1.0,0.0,1.0,0.0,0.0,0.0
1,3,0,2,15.2458,29.0,15.2458,1,0,0.0,0.0,0.0,0.0,1.0,0.0,0.0,0.0,0.0,1.0
1,1,0,0,79.2,29.69911764705882,79.2,1,0,0.0,0.0,0.0,0.0,1.0,0.0,0.0,0.0,0.0,1.0
1,1,0,0,86.5,30.0,86.5,1,2,0.0,0.0,1.0,0.0,0.0,0.0,0.0,0.0,0.0,1.0
1,1,0,0,512.3292,35.0,59.95414404761905,1,0,0.0,0.0,1.0,0.0,0.0,0.0,1.0,0.0,0.0,0.0
1,2,0,1,26.0,50.0,26.0,1,2,0.0,0.0,0.0,0.0,1.0,0.0,1.0,0.0,0.0,0.0
0,3,0,0,7.75,29.69911764705882,7.75,0,1,0.0,0.0,0.0,1.0,0.0,0.0,0.0,0.0,0.0,1.0
1,3,4,2,31.3875,3.0,31.3875,0,2,0.0,1.0,0.0,0.0,0.0,0.0,0.0,1.0,0.0,0.0
0,1,1,1,79.65,52.0,79.65,0,2,0.0,0.0,0.0,1.0,0.0,0.0,0.0,0.0,1.0,0.0
0,1,0,0,0.0,40.0,0.0,0,2,0.0,0.0,0.0,1.0,0.0,0.0,1.0,0.0,0.0,0.0
0,3,0,0,7.75,29.69911764705882,7.75,1,1,0.0,0.0,1.0,0.0,0.0,0.0,0.0,0.0,0.0,1.0
0,2,0,0,10.5,36.0,10.5,0,2,0.0,0.0,0.0,1.0,0.0,0.0,1.0,0.0,0.0,0.0
0,3,4,1,39.6875,16.0,39.6875,0,2,0.0,0.0,0.0,1.0,0.0,0.0,0.0,1.0,0.0,0.0
1,3,1,0,7.775,25.0,7.775,0,2,0.0,0.0,0.0,1.0,0.0,0.0,0.0,0.0,0.0,1.0
1,1,0,1,153.4625,58.0,153.4625,1,2,0.0,0.0,0.0,0.0,1.0,0.0,0.0,0.0,1.0,0.0
1,1,0,0,135.6333,35.0,135.6333,1,2,0.0,0.0,1.0,0.0,0.0,0.0,1.0,0.0,0.0,0.0
0,1,0,0,31.0,29.69911764705882,31.0,0,2,0.0,0.0,0.0,1.0,0.0,0.0,0.0,0.0,0.0,1.0
1,3,0,0,0.0,25.0,0.0,0,2,0.0,0.0,0.0,1.0,0.0,0.0,0.0,0.0,0.0,1.0
1,2,0,1,19.5,41.0,19.5,1,2,0.0,0.0,0.0,0.0,1.0,0.0,1.0,0.0,0.0,0.0
0,1,0,1,29.7,37.0,29.7,0,0,0.0,0.0,0.0,1.0,0.0,0.0,1.0,0.0,0.0,0.0
1,3,0,0,7.75,29.69911764705882,7.75,1,1,0.0,0.0,1.0,0.0,0.0,0.0,0.0,0.0,0.0,1.0
1,1,1,0,77.9583,63.0,77.9583,1,2,0.0,0.0,1.0,0.0,0.0,0.0,0.0,0.0,1.0,0.0
0,3,0,0,7.75,45.0,7.75,1,2,0.0,0.0,1.0,0.0,0.0,0.0,1.0,0.0,0.0,0.0
0,2,0,0,0.0,29.69911764705882,0.0,0,2,0.0,0.0,0.0,1.0,0.0,0.0,0.0,0.0,0.0,1.0
0,3,4,1,29.125,7.0,29.125,0,1,0.0,1.0,0.0,0.0,0.0,0.0,0.0,1.0,0.0,0.0
1,3,1,1,20.25,35.0,20.25,1,2,0.0,0.0,0.0,0.0,1.0,0.0,1.0,0.0,0.0,0.0
0,3,0,0,7.75,65.0,7.75,0,1,0.0,0.0,0.0,1.0,0.0,0.0,0.0,0.0,1.0,0.0
0,3,0,0,7.8542,28.0,7.8542,0,2,0.0,0.0,0.0,1.0,0.0,0.0,0.0,0.0,0.0,1.0
0,3,0,0,9.5,16.0,9.5,0,2,0.0,0.0,0.0,1.0,0.0,0.0,0.0,1.0,0.0,0.0
1,3,0,0,8.05,19.0,8.05,0,2,0.0,0.0,0.0,1.0,0.0,0.0,0.0,0.0,0.0,1.0
0,1,0,0,26.0,29.69911764705882,26.0,0,2,0.0,0.0,0.0,1.0,0.0,0.0,0.0,0.0,0.0,1.0
0,3,0,0,8.6625,33.0,8.6625,0,0,0.0,0.0,0.0,1.0,0.0,0.0,1.0,0.0,0.0,0.0
1,3,0,0,9.5,30.0,9.5,0,2,0.0,0.0,0.0,1.0,0.0,0.0,0.0,0.0,0.0,1.0
0,3,0,0,7.8958,22.0,7.8958,0,2,0.0,0.0,0.0,1.0,0.0,0.0,0.0,0.0,0.0,1.0
1,2,0,0,13.0,42.0,13.0,0,2,0.0,0.0,0.0,1.0,0.0,0.0,1.0,0.0,0.0,0.0
1,3,0,0,7.75,22.0,7.75,1,1,0.0,0.0,1.0,0.0,0.0,0.0,0.0,0.0,0.0,1.0
1,1,0,0,78.85,26.0,78.85,1,2,0.0,0.0,1.0,0.0,0.0,0.0,0.0,0.0,0.0,1.0
1,1,1,0,91.0792,19.0,91.0792,1,0,0.0,0.0,0.0,0.0,1.0,0.0,0.0,0.0,0.0,1.0
0,2,0,0,12.875,36.0,12.875,0,0,0.0,0.0,0.0,1.0,0.0,0.0,1.0,0.0,0.0,0.0
0,3,0,0,8.85,24.0,8.85,1,2,0.0,0.0,1.0,0.0,0.0,0.0,0.0,0.0,0.0,1.0
0,3,0,0,7.8958,24.0,7.8958,0,2,0.0,0.0,0.0,1.0,0.0,0.0,0.0,0.0,0.0,1.0
0,1,0,0,27.7208,29.69911764705882,27.7208,0,0,0.0,0.0,0.0,1.0,0.0,0.0,0.0,0.0,0.0,1.0
0,3,0,0,7.2292,23.5,7.2292,0,0,0.0,0.0,0.0,1.0,0.0,0.0,0.0,0.0,0.0,1.0
0,1,1,2,151.55,2.0,151.55,1,2,0.0,0.0,1.0,0.0,0.0,0.0,0.0,1.0,0.0,0.0
1,1,0,0,30.5,29.69911764705882,30.5,0,2,0.0,0.0,0.0,1.0,0.0,0.0,0.0,0.0,0.0,1.0
1,1,0,1,247.5208,50.0,247.5208,1,0,0.0,0.0,0.0,0.0,1.0,0.0,1.0,0.0,0.0,0.0
1,3,0,0,7.75,29.69911764705882,7.75,1,1,0.0,0.0,1.0,0.0,0.0,0.0,0.0,0.0,0.0,1.0
1,3,2,0,23.25,29.69911764705882,23.25,0,1,0.0,0.0,0.0,1.0,0.0,0.0,0.0,0.0,0.0,1.0
0,3,0,0,0.0,19.0,0.0,0,2,0.0,0.0,0.0,1.0,0.0,0.0,0.0,0.0,0.0,1.0
1,2,0,0,12.35,29.69911764705882,12.35,1,1,0.0,0.0,1.0,0.0,0.0,0.0,0.0,0.0,0.0,1.0
0,3,0,0,8.05,29.69911764705882,8.05,0,2,0.0,0.0,0.0,1.0,0.0,0.0,0.0,0.0,0.0,1.0
1,1,1,2,151.55,0.92,151.55,0,2,0.0,1.0,0.0,0.0,0.0,0.0,0.0,1.0,0.0,0.0
1,1,0,0,110.8833,29.69911764705882,110.8833,1,0,0.0,0.0,1.0,0.0,0.0,0.0,0.0,0.0,0.0,1.0
1,1,1,0,108.9,17.0,108.9,1,0,0.0,0.0,0.0,0.0,1.0,0.0,0.0,0.0,0.0,1.0
0,2,1,0,24.0,30.0,24.0,0,0,0.0,0.0,0.0,1.0,0.0,0.0,0.0,0.0,0.0,1.0
1,1,0,0,56.9292,30.0,56.9292,1,0,0.0,0.0,1.0,0.0,0.0,0.0,0.0,0.0,0.0,1.0
1,1,0,0,83.1583,24.0,83.1583,1,0,0.0,0.0,1.0,0.0,0.0,0.0,0.0,0.0,0.0,1.0
1,1,2,2,262.375,18.0,262.375,1,0,0.0,0.0,1.0,0.0,0.0,0.0,0.0,0.0,0.0,1.0
0,2,1,1,26.0,26.0,26.0,1,2,0.0,0.0,0.0,0.0,1.0,0.0,0.0,0.0,0.0,1.0
0,3,0,0,7.8958,28.0,7.8958,0,2,0.0,0.0,0.0,1.0,0.0,0.0,0.0,0.0,0.0,1.0
0,2,1,1,26.25,43.0,26.25,0,2,0.0,0.0,0.0,1.0,0.0,0.0,1.0,0.0,0.0,0.0
1,3,0,0,7.8542,26.0,7.8542,1,2,0.0,0.0,1.0,0.0,0.0,0.0,0.0,0.0,0.0,1.0
1,2,1,0,26.0,24.0,26.0,1,2,0.0,0.0,0.0,0.0,1.0,0.0,0.0,0.0,0.0,1.0
0,2,0,0,14.0,54.0,14.0,0,2,0.0,0.0,0.0,0.0,0.0,1.0,0.0,0.0,1.0,0.0
1,1,0,2,164.8667,31.0,164.8667,1,2,0.0,0.0,1.0,0.0,0.0,0.0,1.0,0.0,0.0,0.0
1,1,1,1,134.5,40.0,134.5,1,0,0.0,0.0,0.0,0.0,1.0,0.0,1.0,0.0,0.0,0.0
0,3,0,0,7.25,22.0,7.25,0,2,0.0,0.0,0.0,1.0,0.0,0.0,0.0,0.0,0.0,1.0
0,3,0,0,7.8958,27.0,7.8958,0,2,0.0,0.0,0.0,1.0,0.0,0.0,0.0,0.0,0.0,1.0
1,2,0,0,12.35,30.0,12.35,1,1,0.0,0.0,1.0,0.0,0.0,0.0,0.0,0.0,0.0,1.0
1,2,1,1,29.0,22.0,29.0,1,2,0.0,0.0,0.0,0.0,1.0,0.0,0.0,0.0,0.0,1.0
0,3,8,2,69.55,29.69911764705882,69.55,0,2,0.0,0.0,0.0,1.0,0.0,0.0,0.0,0.0,0.0,1.0
1,1,0,0,135.6333,36.0,135.6333,1,0,0.0,0.0,1.0,0.0,0.0,0.0,1.0,0.0,0.0,0.0
0,3,0,0,6.2375,61.0,6.2375,0,2,0.0,0.0,0.0,1.0,0.0,0.0,0.0,0.0,1.0,0.0
1,2,0,0,13.0,36.0,13.0,1,2,0.0,0.0,0.0,0.0,1.0,0.0,1.0,0.0,0.0,0.0
1,3,1,1,20.525,31.0,20.525,1,2,0.0,0.0,0.0,0.0,1.0,0.0,1.0,0.0,0.0,0.0
1,1,0,1,57.9792,16.0,57.9792,1,0,0.0,0.0,1.0,0.0,0.0,0.0,0.0,1.0,0.0,0.0
1,3,2,0,23.25,29.69911764705882,23.25,1,1,0.0,0.0,1.0,0.0,0.0,0.0,0.0,0.0,0.0,1.0
0,1,0,0,28.5,45.5,28.5,0,2,0.0,0.0,0.0,1.0,0.0,0.0,1.0,0.0,0.0,0.0
0,1,0,1,153.4625,38.0,153.4625,0,2,0.0,0.0,0.0,1.0,0.0,0.0,1.0,0.0,0.0,0.0
0,3,2,0,18.0,16.0,18.0,0,2,0.0,0.0,0.0,1.0,0.0,0.0,0.0,1.0,0.0,0.0
1,1,1,0,133.65,29.69911764705882,133.65,1,2,0.0,0.0,0.0,0.0,1.0,0.0,0.0,0.0,0.0,1.0
0,3,0,0,7.8958,29.69911764705882,7.8958,0,2,0.0,0.0,0.0,1.0,0.0,0.0,0.0,0.0,0.0,1.0
0,1,1,0,66.6,29.0,66.6,0,2,0.0,0.0,0.0,1.0,0.0,0.0,0.0,0.0,0.0,1.0
1,1,0,0,134.5,41.0,134.5,1,0,0.0,0.0,1.0,0.0,0.0,0.0,1.0,0.0,0.0,0.0
1,3,0,0,8.05,45.0,8.05,0,2,0.0,0.0,0.0,1.0,0.0,0.0,1.0,0.0,0.0,0.0
0,1,0,0,35.5,45.0,35.5,0,2,0.0,0.0,0.0,1.0,0.0,0.0,1.0,0.0,0.0,0.0
1,2,1,1,26.0,2.0,26.0,0,2,0.0,1.0,0.0,0.0,0.0,0.0,0.0,1.0,0.0,0.0
1,1,3,2,263.0,24.0,263.0,1,2,0.0,0.0,1.0,0.0,0.0,0.0,0.0,0.0,0.0,1.0
0,2,0,0,13.0,28.0,13.0,0,2,0.0,0.0,0.0,1.0,0.0,0.0,0.0,0.0,0.0,1.0
0,2,0,0,13.0,25.0,13.0,0,2,0.0,0.0,0.0,1.0,0.0,0.0,0.0,0.0,0.0,1.0
0,2,0,0,13.0,36.0,13.0,0,2,0.0,0.0,0.0,1.0,0.0,0.0,1.0,0.0,0.0,0.0
1,2,0,0,13.0,24.0,13.0,1,2,0.0,0.0,1.0,0.0,0.0,0.0,0.0,0.0,0.0,1.0
1,2,0,0,13.0,40.0,13.0,1,2,0.0,0.0,1.0,0.0,0.0,0.0,1.0,0.0,0.0,0.0
1,3,1,0,16.1,29.69911764705882,16.1,1,2,0.0,0.0,0.0,0.0,1.0,0.0,0.0,0.0,0.0,1.0
1,3,1,1,15.9,3.0,15.9,0,2,0.0,1.0,0.0,0.0,0.0,0.0,0.0,1.0,0.0,0.0
0,3,0,0,8.6625,42.0,8.6625,0,2,0.0,0.0,0.0,1.0,0.0,0.0,1.0,0.0,0.0,0.0
0,3,0,0,9.225,23.0,9.225,0,2,0.0,0.0,0.0,1.0,0.0,0.0,0.0,0.0,0.0,1.0
0,1,0,0,35.0,29.69911764705882,35.0,0,2,0.0,0.0,0.0,1.0,0.0,0.0,0.0,0.0,0.0,1.0
0,3,1,1,7.2292,15.0,7.2292,0,0,0.0,0.0,0.0,1.0,0.0,0.0,0.0,1.0,0.0,0.0
0,3,1,0,17.8,25.0,17.8,0,2,0.0,0.0,0.0,1.0,0.0,0.0,0.0,0.0,0.0,1.0
0,3,0,0,7.225,29.69911764705882,7.225,0,0,0.0,0.0,0.0,1.0,0.0,0.0,0.0,0.0,0.0,1.0
0,3,0,0,9.5,28.0,9.5,0,2,0.0,0.0,0.0,1.0,0.0,0.0,0.0,0.0,0.0,1.0
1,1,0,1,55.0,22.0,55.0,1,2,0.0,0.0,1.0,0.0,0.0,0.0,0.0,0.0,0.0,1.0
0,2,0,0,13.0,38.0,13.0,1,2,0.0,0.0,1.0,0.0,0.0,0.0,1.0,0.0,0.0,0.0
1,3,0,0,7.8792,29.69911764705882,7.8792,1,1,0.0,0.0,1.0,0.0,0.0,0.0,0.0,0.0,0.0,1.0
1,3,0,0,7.8792,29.69911764705882,7.8792,1,1,0.0,0.0,1.0,0.0,0.0,0.0,0.0,0.0,0.0,1.0
0,3,1,4,27.9,40.0,27.9,0,2,0.0,0.0,0.0,1.0,0.0,0.0,1.0,0.0,0.0,0.0
0,2,1,0,27.7208,29.0,27.7208,0,0,0.0,0.0,0.0,1.0,0.0,0.0,0.0,0.0,0.0,1.0
0,3,0,1,14.4542,45.0,14.4542,1,0,0.0,0.0,0.0,0.0,1.0,0.0,1.0,0.0,0.0,0.0
0,3,0,0,7.05,35.0,7.05,0,2,0.0,0.0,0.0,1.0,0.0,0.0,1.0,0.0,0.0,0.0
0,3,1,0,15.5,29.69911764705882,15.5,0,1,0.0,0.0,0.0,1.0,0.0,0.0,0.0,0.0,0.0,1.0
0,3,0,0,7.25,30.0,7.25,0,2,0.0,0.0,0.0,1.0,0.0,0.0,0.0,0.0,0.0,1.0
1,1,1,0,75.25,60.0,75.25,1,0,0.0,0.0,0.0,0.0,1.0,0.0,0.0,0.0,1.0,0.0
1,3,0,0,7.2292,29.69911764705882,7.2292,1,0,0.0,0.0,0.0,0.0,1.0,0.0,0.0,0.0,0.0,1.0
1,3,0,0,7.75,29.69911764705882,7.75,1,1,0.0,0.0,1.0,0.0,0.0,0.0,0.0,0.0,0.0,1.0
1,1,0,0,69.3,24.0,69.3,1,0,0.0,0.0,0.0,0.0,1.0,0.0,0.0,0.0,0.0,1.0
1,1,1,0,55.4417,25.0,55.4417,0,0,0.0,0.0,0.0,1.0,0.0,0.0,0.0,0.0,0.0,1.0
0,3,1,0,6.4958,18.0,6.4958,0,2,0.0,0.0,0.0,1.0,0.0,0.0,0.0,0.0,0.0,1.0
0,3,0,0,8.05,19.0,8.05,0,2,0.0,0.0,0.0,1.0,0.0,0.0,0.0,0.0,0.0,1.0
0,1,0,0,135.6333,22.0,135.6333,0,0,0.0,0.0,0.0,1.0,0.0,0.0,0.0,0.0,0.0,1.0
0,3,3,1,21.075,3.0,21.075,1,2,0.0,0.0,1.0,0.0,0.0,0.0,0.0,1.0,0.0,0.0
1,1,1,0,82.1708,29.69911764705882,82.1708,1,0,0.0,0.0,0.0,0.0,1.0,0.0,0.0,0.0,0.0,1.0
1,3,0,0,7.25,22.0,7.25,1,2,0.0,0.0,1.0,0.0,0.0,0.0,0.0,0.0,0.0,1.0
0,1,0,2,211.5,27.0,211.5,0,0,0.0,0.0,0.0,1.0,0.0,0.0,0.0,0.0,0.0,1.0
0,3,0,0,4.0125,20.0,4.0125,0,0,0.0,0.0,0.0,1.0,0.0,0.0,0.0,0.0,0.0,1.0
0,3,0,0,7.775,19.0,7.775,0,2,0.0,0.0,0.0,1.0,0.0,0.0,0.0,0.0,0.0,1.0
1,1,0,0,227.525,42.0,227.525,1,0,0.0,0.0,1.0,0.0,0.0,0.0,1.0,0.0,0.0,0.0
1,3,0,2,15.7417,1.0,15.7417,1,0,0.0,0.0,1.0,0.0,0.0,0.0,0.0,1.0,0.0,0.0
0,3,0,0,7.925,32.0,7.925,0,2,0.0,0.0,0.0,1.0,0.0,0.0,1.0,0.0,0.0,0.0
1,1,1,0,52.0,35.0,52.0,1,2,0.0,0.0,0.0,0.0,1.0,0.0,1.0,0.0,0.0,0.0
0,3,0,0,7.8958,29.69911764705882,7.8958,0,2,0.0,0.0,0.0,1.0,0.0,0.0,0.0,0.0,0.0,1.0
0,2,0,0,73.5,18.0,73.5,0,2,0.0,0.0,0.0,1.0,0.0,0.0,0.0,0.0,0.0,1.0
0,3,5,2,46.9,1.0,46.9,0,2,0.0,1.0,0.0,0.0,0.0,0.0,0.0,1.0,0.0,0.0
1,2,0,0,13.0,36.0,13.0,1,2,0.0,0.0,1.0,0.0,0.0,0.0,1.0,0.0,0.0,0.0
0,3,0,0,7.7292,29.69911764705882,7.7292,0,1,0.0,0.0,0.0,1.0,0.0,0.0,0.0,0.0,0.0,1.0
1,2,0,0,12.0,17.0,12.0,1,0,0.0,0.0,1.0,0.0,0.0,0.0,0.0,0.0,0.0,1.0
1,1,1,2,120.0,36.0,120.0,0,2,0.0,0.0,0.0,1.0,0.0,0.0,1.0,0.0,0.0,0.0
1,3,0,0,7.7958,21.0,7.7958,0,2,0.0,0.0,0.0,1.0,0.0,0.0,0.0,0.0,0.0,1.0
0,3,2,0,7.925,28.0,7.925,0,2,0.0,0.0,0.0,1.0,0.0,0.0,0.0,0.0,0.0,1.0
1,1,1,0,113.275,23.0,113.275,1,0,0.0,0.0,1.0,0.0,0.0,0.0,0.0,0.0,0.0,1.0
1,3,0,2,16.7,24.0,16.7,1,2,0.0,0.0,0.0,0.0,1.0,0.0,0.0,0.0,0.0,1.0
0,3,0,0,7.7958,22.0,7.7958,0,2,0.0,0.0,0.0,1.0,0.0,0.0,0.0,0.0,0.0,1.0
0,3,0,0,7.8542,31.0,7.8542,1,2,0.0,0.0,1.0,0.0,0.0,0.0,1.0,0.0,0.0,0.0
0,2,0,0,26.0,46.0,26.0,0,2,0.0,0.0,0.0,1.0,0.0,0.0,1.0,0.0,0.0,0.0
0,2,0,0,10.5,23.0,10.5,0,2,0.0,0.0,0.0,0.0,0.0,1.0,0.0,0.0,0.0,1.0
1,2,0,0,12.65,28.0,12.65,1,2,0.0,0.0,0.0,0.0,1.0,0.0,0.0,0.0,0.0,1.0
1,3,0,0,7.925,39.0,7.925,0,2,0.0,0.0,0.0,1.0,0.0,0.0,1.0,0.0,0.0,0.0
0,3,0,0,8.05,26.0,8.05,0,2,0.0,0.0,0.0,1.0,0.0,0.0,0.0,0.0,0.0,1.0
0,3,1,0,9.825,21.0,9.825,1,2,0.0,0.0,1.0,0.0,0.0,0.0,0.0,0.0,0.0,1.0
0,3,1,0,15.85,28.0,15.85,0,2,0.0,0.0,0.0,1.0,0.0,0.0,0.0,0.0,0.0,1.0
0,3,0,0,8.6625,20.0,8.6625,1,2,0.0,0.0,1.0,0.0,0.0,0.0,0.0,0.0,0.0,1.0
0,2,1,0,21.0,34.0,21.0,0,2,0.0,0.0,0.0,1.0,0.0,0.0,1.0,0.0,0.0,0.0
0,3,0,0,7.75,51.0,7.75,0,2,0.0,0.0,0.0,1.0,0.0,0.0,0.0,0.0,1.0,0.0
1,2,1,1,18.75,3.0,18.75,0,2,0.0,1.0,0.0,0.0,0.0,0.0,0.0,1.0,0.0,0.0
0,3,0,0,7.775,21.0,7.775,0,2,0.0,0.0,0.0,1.0,0.0,0.0,0.0,0.0,0.0,1.0
0,3,3,1,25.4667,29.69911764705882,25.4667,1,2,0.0,0.0,1.0,0.0,0.0,0.0,0.0,0.0,0.0,1.0
0,3,0,0,7.8958,29.69911764705882,7.8958,0,2,0.0,0.0,0.0,1.0,0.0,0.0,0.0,0.0,0.0,1.0
0,3,0,0,6.8583,29.69911764705882,6.8583,0,1,0.0,0.0,0.0,1.0,0.0,0.0,0.0,0.0,0.0,1.0
1,1,1,0,90.0,33.0,90.0,1,1,0.0,0.0,1.0,0.0,0.0,0.0,1.0,0.0,0.0,0.0
0,2,0,0,0.0,29.69911764705882,0.0,0,2,0.0,0.0,0.0,1.0,0.0,0.0,0.0,0.0,0.0,1.0
1,3,0,0,7.925,44.0,7.925,0,2,0.0,0.0,0.0,1.0,0.0,0.0,1.0,0.0,0.0,0.0
0,3,0,0,8.05,29.69911764705882,8.05,1,2,0.0,0.0,0.0,0.0,1.0,0.0,0.0,0.0,0.0,1.0
1,2,1,1,32.5,34.0,32.5,1,2,0.0,0.0,0.0,0.0,1.0,0.0,1.0,0.0,0.0,0.0
1,2,0,2,13.0,18.0,13.0,1,2,0.0,0.0,1.0,0.0,0.0,0.0,0.0,0.0,0.0,1.0
0,2,0,0,13.0,30.0,13.0,0,2,0.0,0.0,0.0,1.0,0.0,0.0,0.0,0.0,0.0,1.0
0,3,0,2,24.15,10.0,24.15,1,2,0.0,0.0,1.0,0.0,0.0,0.0,0.0,1.0,0.0,0.0
0,3,0,0,7.8958,29.69911764705882,7.8958,0,0,0.0,0.0,0.0,1.0,0.0,0.0,0.0,0.0,0.0,1.0
0,3,0,0,7.7333,21.0,7.7333,0,1,0.0,0.0,0.0,1.0,0.0,0.0,0.0,0.0,0.0,1.0
0,3,0,0,7.875,29.0,7.875,0,2,0.0,0.0,0.0,1.0,0.0,0.0,0.0,0.0,0.0,1.0
0,3,1,1,14.4,28.0,14.4,1,2,0.0,0.0,0.0,0.0,1.0,0.0,0.0,0.0,0.0,1.0
0,3,1,1,20.2125,18.0,20.2125,0,2,0.0,0.0,0.0,1.0,0.0,0.0,0.0,0.0,0.0,1.0
0,3,0,0,7.25,29.69911764705882,7.25,0,2,0.0,0.0,0.0,1.0,0.0,0.0,0.0,0.0,0.0,1.0
1,2,1,0,26.0,28.0,26.0,1,2,0.0,0.0,0.0,0.0,1.0,0.0,0.0,0.0,0.0,1.0
1,2,0,0,26.0,19.0,26.0,1,2,0.0,0.0,1.0,0.0,0.0,0.0,0.0,0.0,0.0,1.0
0,3,0,0,7.75,29.69911764705882,7.75,0,1,0.0,0.0,0.0,1.0,0.0,0.0,0.0,0.0,0.0,1.0
1,3,0,0,8.05,32.0,8.05,0,2,0.0,0.0,0.0,1.0,0.0,0.0,1.0,0.0,0.0,0.0
1,1,0,0,26.55,28.0,26.55,0,2,0.0,0.0,0.0,1.0,0.0,0.0,0.0,0.0,0.0,1.0
1,3,1,0,16.1,29.69911764705882,16.1,1,2,0.0,0.0,0.0,0.0,1.0,0.0,0.0,0.0,0.0,1.0
1,2,1,0,26.0,42.0,26.0,1,2,0.0,0.0,0.0,0.0,1.0,0.0,1.0,0.0,0.0,0.0
0,3,0,0,7.125,17.0,7.125,0,2,0.0,0.0,0.0,1.0,0.0,0.0,0.0,0.0,0.0,1.0
0,1,1,0,55.9,50.0,55.9,0,2,0.0,0.0,0.0,1.0,0.0,0.0,1.0,0.0,0.0,0.0
1,1,1,2,120.0,14.0,120.0,1,2,0.0,0.0,1.0,0.0,0.0,0.0,0.0,1.0,0.0,0.0
0,3,2,2,34.375,21.0,34.375,1,2,0.0,0.0,1.0,0.0,0.0,0.0,0.0,0.0,0.0,1.0
1,2,2,3,18.75,24.0,18.75,1,2,0.0,0.0,0.0,0.0,1.0,0.0,0.0,0.0,0.0,1.0
0,1,1,4,263.0,64.0,263.0,0,2,0.0,0.0,0.0,1.0,0.0,0.0,0.0,0.0,1.0,0.0
0,2,0,0,10.5,31.0,10.5,0,2,0.0,0.0,0.0,1.0,0.0,0.0,1.0,0.0,0.0,0.0
1,2,1,1,26.25,45.0,26.25,1,2,0.0,0.0,0.0,0.0,1.0,0.0,1.0,0.0,0.0,0.0
0,3,0,0,9.5,20.0,9.5,0,2,0.0,0.0,0.0,1.0,0.0,0.0,0.0,0.0,0.0,1.0
0,3,1,0,7.775,25.0,7.775,0,2,0.0,0.0,0.0,1.0,0.0,0.0,0.0,0.0,0.0,1.0
1,2,0,0,13.0,28.0,13.0,1,2,0.0,0.0,1.0,0.0,0.0,0.0,0.0,0.0,0.0,1.0
1,3,0,0,8.1125,29.69911764705882,8.1125,0,2,0.0,0.0,0.0,1.0,0.0,0.0,0.0,0.0,0.0,1.0
1,1,0,2,81.8583,4.0,81.8583,0,2,0.0,1.0,0.0,0.0,0.0,0.0,0.0,1.0,0.0,0.0
1,2,0,1,19.5,13.0,19.5,1,2,0.0,0.0,1.0,0.0,0.0,0.0,0.0,1.0,0.0,0.0
1,1,0,0,26.55,34.0,26.55,0,2,0.0,0.0,0.0,1.0,0.0,0.0,1.0,0.0,0.0,0.0
1,3,2,1,19.2583,5.0,19.2583,1,0,0.0,0.0,1.0,0.0,0.0,0.0,0.0,1.0,0.0,0.0
1,1,0,0,30.5,52.0,30.5,0,2,0.0,0.0,0.0,0.0,0.0,1.0,0.0,0.0,1.0,0.0
0,2,1,2,27.75,36.0,27.75,0,2,0.0,0.0,0.0,1.0,0.0,0.0,1.0,0.0,0.0,0.0
0,3,1,0,19.9667,29.69911764705882,19.9667,0,2,0.0,0.0,0.0,1.0,0.0,0.0,0.0,0.0,0.0,1.0
0,1,0,0,27.75,30.0,27.75,0,0,0.0,0.0,0.0,1.0,0.0,0.0,0.0,0.0,0.0,1.0
1,1,1,0,89.1042,49.0,89.1042,0,0,0.0,0.0,0.0,1.0,0.0,0.0,1.0,0.0,0.0,0.0
0,3,0,0,8.05,29.69911764705882,8.05,0,2,0.0,0.0,0.0,1.0,0.0,0.0,0.0,0.0,0.0,1.0
1,3,0,0,7.8958,29.0,7.8958,0,0,0.0,0.0,0.0,1.0,0.0,0.0,0.0,0.0,0.0,1.0
0,1,0,0,26.55,65.0,26.55,0,2,0.0,0.0,0.0,1.0,0.0,0.0,0.0,0.0,1.0,0.0
1,1,1,0,51.8625,29.69911764705882,51.8625,1,2,0.0,0.0,0.0,0.0,1.0,0.0,0.0,0.0,0.0,1.0
1,2,0,0,10.5,50.0,10.5,1,2,0.0,0.0,1.0,0.0,0.0,0.0,1.0,0.0,0.0,0.0
0,3,0,0,7.75,29.69911764705882,7.75,0,1,0.0,0.0,0.0,1.0,0.0,0.0,0.0,0.0,0.0,1.0
1,1,0,0,26.55,48.0,26.55,0,2,0.0,0.0,0.0,1.0,0.0,0.0,1.0,0.0,0.0,0.0
0,3,0,0,8.05,34.0,8.05,0,2,0.0,0.0,0.0,1.0,0.0,0.0,1.0,0.0,0.0,0.0
0,1,0,0,38.5,47.0,38.5,0,2,0.0,0.0,0.0,1.0,0.0,0.0,1.0,0.0,0.0,0.0
0,2,0,0,13.0,48.0,13.0,0,2,0.0,0.0,0.0,1.0,0.0,0.0,1.0,0.0,0.0,0.0
0,3,0,0,8.05,29.69911764705882,8.05,0,2,0.0,0.0,0.0,1.0,0.0,0.0,0.0,0.0,0.0,1.0
0,3,0,0,7.05,38.0,7.05,0,2,0.0,0.0,0.0,1.0,0.0,0.0,1.0,0.0,0.0,0.0
0,2,0,0,0.0,29.69911764705882,0.0,0,2,0.0,0.0,0.0,1.0,0.0,0.0,0.0,0.0,0.0,1.0
0,1,0,0,26.55,56.0,26.55,0,2,0.0,0.0,0.0,1.0,0.0,0.0,0.0,0.0,1.0,0.0
0,3,0,0,7.725,29.69911764705882,7.725,0,1,0.0,0.0,0.0,1.0,0.0,0.0,0.0,0.0,0.0,1.0
1,3,2,1,19.2583,0.75,19.2583,1,0,0.0,0.0,1.0,0.0,0.0,0.0,0.0,1.0,0.0,0.0
0,3,0,0,7.25,29.69911764705882,7.25,0,2,0.0,0.0,0.0,1.0,0.0,0.0,0.0,0.0,0.0,1.0
0,3,0,0,8.6625,38.0,8.6625,0,2,0.0,0.0,0.0,1.0,0.0,0.0,1.0,0.0,0.0,0.0
1,2,1,2,27.75,33.0,27.75,1,2,0.0,0.0,0.0,0.0,1.0,0.0,1.0,0.0,0.0,0.0
1,2,0,0,13.7917,23.0,13.7917,1,0,0.0,0.0,0.0,0.0,1.0,0.0,0.0,0.0,0.0,1.0
0,3,0,0,9.8375,22.0,9.8375,1,2,0.0,0.0,1.0,0.0,0.0,0.0,0.0,0.0,0.0,1.0
0,1,0,0,52.0,29.69911764705882,52.0,0,2,0.0,0.0,0.0,1.0,0.0,0.0,0.0,0.0,0.0,1.0
0,2,1,0,21.0,34.0,21.0,0,2,0.0,0.0,0.0,1.0,0.0,0.0,1.0,0.0,0.0,0.0
0,3,1,0,7.0458,29.0,7.0458,0,2,0.0,0.0,0.0,1.0,0.0,0.0,0.0,0.0,0.0,1.0
0,3,0,0,7.5208,22.0,7.5208,0,2,0.0,0.0,0.0,1.0,0.0,0.0,0.0,0.0,0.0,1.0
1,3,0,1,12.2875,2.0,12.2875,1,2,0.0,0.0,1.0,0.0,0.0,0.0,0.0,1.0,0.0,0.0
0,3,5,2,46.9,9.0,46.9,0,2,0.0,1.0,0.0,0.0,0.0,0.0,0.0,1.0,0.0,0.0
0,2,0,0,0.0,29.69911764705882,0.0,0,2,0.0,0.0,0.0,1.0,0.0,0.0,0.0,0.0,0.0,1.0
0,3,0,0,8.05,50.0,8.05,0,2,0.0,0.0,0.0,1.0,0.0,0.0,1.0,0.0,0.0,0.0
1,3,0,0,9.5875,63.0,9.5875,1,2,0.0,0.0,0.0,0.0,1.0,0.0,0.0,0.0,1.0,0.0
1,1,1,0,91.0792,25.0,91.0792,0,0,0.0,0.0,0.0,1.0,0.0,0.0,0.0,0.0,0.0,1.0
0,3,3,1,25.4667,29.69911764705882,25.4667,1,2,0.0,0.0,1.0,0.0,0.0,0.0,0.0,0.0,0.0,1.0
1,1,1,0,90.0,35.0,90.0,1,2,0.0,0.0,0.0,0.0,1.0,0.0,1.0,0.0,0.0,0.0
0,1,0,0,29.7,58.0,29.7,0,0,0.0,0.0,0.0,1.0,0.0,0.0,0.0,0.0,1.0,0.0
0,3,0,0,8.05,30.0,8.05,0,2,0.0,0.0,0.0,1.0,0.0,0.0,0.0,0.0,0.0,1.0
1,3,1,1,15.9,9.0,15.9,0,2,0.0,1.0,0.0,0.0,0.0,0.0,0.0,1.0,0.0,0.0
0,3,1,0,19.9667,29.69911764705882,19.9667,0,2,0.0,0.0,0.0,1.0,0.0,0.0,0.0,0.0,0.0,1.0
0,3,0,0,7.25,21.0,7.25,0,2,0.0,0.0,0.0,1.0,0.0,0.0,0.0,0.0,0.0,1.0
0,1,0,0,30.5,55.0,30.5,0,2,0.0,0.0,0.0,1.0,0.0,0.0,0.0,0.0,1.0,0.0
0,1,0,0,49.5042,71.0,49.5042,0,0,0.0,0.0,0.0,1.0,0.0,0.0,0.0,0.0,1.0,0.0
0,3,0,0,8.05,21.0,8.05,0,2,0.0,0.0,0.0,1.0,0.0,0.0,0.0,0.0,0.0,1.0
0,3,0,0,14.4583,29.69911764705882,14.4583,0,0,0.0,0.0,0.0,1.0,0.0,0.0,0.0,0.0,0.0,1.0
1,1,1,0,78.2667,54.0,78.2667,1,0,0.0,0.0,1.0,0.0,0.0,0.0,0.0,0.0,1.0,0.0
0,3,0,0,15.1,29.69911764705882,15.1,0,2,0.0,0.0,0.0,1.0,0.0,0.0,0.0,0.0,0.0,1.0
0,1,1,2,151.55,25.0,151.55,1,2,0.0,0.0,0.0,0.0,1.0,0.0,0.0,0.0,0.0,1.0
0,3,0,0,7.7958,24.0,7.7958,0,2,0.0,0.0,0.0,1.0,0.0,0.0,0.0,0.0,0.0,1.0
0,3,0,0,8.6625,17.0,8.6625,0,2,0.0,0.0,0.0,1.0,0.0,0.0,0.0,0.0,0.0,1.0
0,3,0,0,7.75,21.0,7.75,1,1,0.0,0.0,1.0,0.0,0.0,0.0,0.0,0.0,0.0,1.0
0,3,0,0,7.6292,29.69911764705882,7.6292,1,1,0.0,0.0,1.0,0.0,0.0,0.0,0.0,0.0,0.0,1.0
0,3,0,0,9.5875,37.0,9.5875,1,2,0.0,0.0,1.0,0.0,0.0,0.0,1.0,0.0,0.0,0.0
1,1,0,0,86.5,16.0,86.5,1,2,0.0,0.0,1.0,0.0,0.0,0.0,0.0,1.0,0.0,0.0
0,1,1,0,108.9,18.0,108.9,0,0,0.0,0.0,0.0,1.0,0.0,0.0,0.0,0.0,0.0,1.0
1,2,0,2,26.0,33.0,26.0,1,2,0.0,0.0,0.0,0.0,1.0,0.0,1.0,0.0,0.0,0.0
1,1,0,0,26.55,29.69911764705882,26.55,0,2,0.0,0.0,0.0,1.0,0.0,0.0,0.0,0.0,0.0,1.0
0,3,0,0,22.525,28.0,22.525,0,2,0.0,0.0,0.0,1.0,0.0,0.0,0.0,0.0,0.0,1.0
1,3,0,0,56.4958,26.0,56.4958,0,2,0.0,0.0,0.0,1.0,0.0,0.0,0.0,0.0,0.0,1.0
1,3,0,0,7.75,29.0,7.75,0,1,0.0,0.0,0.0,1.0,0.0,0.0,0.0,0.0,0.0,1.0
0,3,0,0,8.05,29.69911764705882,8.05,0,2,0.0,0.0,0.0,1.0,0.0,0.0,0.0,0.0,0.0,1.0
1,1,0,0,26.2875,36.0,26.2875,0,2,0.0,0.0,0.0,1.0,0.0,0.0,1.0,0.0,0.0,0.0
1,1,1,0,59.4,54.0,59.4,1,0,0.0,0.0,0.0,0.0,1.0,0.0,0.0,0.0,1.0,0.0
0,3,0,0,7.4958,24.0,7.4958,0,2,0.0,0.0,0.0,1.0,0.0,0.0,0.0,0.0,0.0,1.0
0,1,0,0,34.0208,47.0,34.0208,0,2,0.0,0.0,0.0,1.0,0.0,0.0,1.0,0.0,0.0,0.0
1,2,0,0,10.5,34.0,10.5,1,2,0.0,0.0,0.0,0.0,1.0,0.0,1.0,0.0,0.0,0.0
0,3,0,0,24.15,29.69911764705882,24.15,0,1,0.0,0.0,0.0,1.0,0.0,0.0,0.0,0.0,0.0,1.0
1,2,1,0,26.0,36.0,26.0,1,2,0.0,0.0,0.0,0.0,1.0,0.0,1.0,0.0,0.0,0.0
0,3,0,0,7.8958,32.0,7.8958,0,2,0.0,0.0,0.0,1.0,0.0,0.0,1.0,0.0,0.0,0.0
1,1,0,0,93.5,30.0,93.5,1,2,0.0,0.0,1.0,0.0,0.0,0.0,0.0,0.0,0.0,1.0
0,3,0,0,7.8958,22.0,7.8958,0,2,0.0,0.0,0.0,1.0,0.0,0.0,0.0,0.0,0.0,1.0
0,3,0,0,7.225,29.69911764705882,7.225,0,0,0.0,0.0,0.0,1.0,0.0,0.0,0.0,0.0,0.0,1.0
1,1,0,1,57.9792,44.0,57.9792,1,0,0.0,0.0,0.0,0.0,1.0,0.0,1.0,0.0,0.0,0.0
0,3,0,0,7.2292,29.69911764705882,7.2292,0,0,0.0,0.0,0.0,1.0,0.0,0.0,0.0,0.0,0.0,1.0
0,3,0,0,7.75,40.5,7.75,0,1,0.0,0.0,0.0,1.0,0.0,0.0,1.0,0.0,0.0,0.0
1,2,0,0,10.5,50.0,10.5,1,2,0.0,0.0,1.0,0.0,0.0,0.0,1.0,0.0,0.0,0.0
0,1,0,0,221.7792,29.69911764705882,221.7792,0,2,0.0,0.0,0.0,1.0,0.0,0.0,0.0,0.0,0.0,1.0
0,3,0,0,7.925,39.0,7.925,0,2,0.0,0.0,0.0,1.0,0.0,0.0,1.0,0.0,0.0,0.0
0,2,2,1,11.5,23.0,11.5,0,2,0.0,0.0,0.0,1.0,0.0,0.0,0.0,0.0,0.0,1.0
1,2,1,1,26.0,2.0,26.0,1,2,0.0,0.0,1.0,0.0,0.0,0.0,0.0,1.0,0.0,0.0
0,3,0,0,7.2292,29.69911764705882,7.2292,0,0,0.0,0.0,0.0,1.0,0.0,0.0,0.0,0.0,0.0,1.0
0,3,1,1,7.2292,17.0,7.2292,0,0,0.0,0.0,0.0,1.0,0.0,0.0,0.0,0.0,0.0,1.0
1,3,0,2,22.3583,29.69911764705882,22.3583,1,0,0.0,0.0,0.0,0.0,1.0,0.0,0.0,0.0,0.0,1.0
0,3,0,0,8.6625,30.0,8.6625,1,2,0.0,0.0,1.0,0.0,0.0,0.0,0.0,0.0,0.0,1.0
1,2,0,2,26.25,7.0,26.25,1,2,0.0,0.0,1.0,0.0,0.0,0.0,0.0,1.0,0.0,0.0
0,1,0,0,26.55,45.0,26.55,0,2,0.0,0.0,0.0,0.0,0.0,1.0,1.0,0.0,0.0,0.0
1,1,0,0,106.425,30.0,106.425,1,0,0.0,0.0,1.0,0.0,0.0,0.0,0.0,0.0,0.0,1.0
0,3,0,0,14.5,29.69911764705882,14.5,0,2,0.0,0.0,0.0,1.0,0.0,0.0,0.0,0.0,0.0,1.0
1,1,0,2,49.5,22.0,49.5,1,0,0.0,0.0,1.0,0.0,0.0,0.0,0.0,0.0,0.0,1.0
1,1,0,2,71.0,36.0,71.0,1,2,0.0,0.0,1.0,0.0,0.0,0.0,1.0,0.0,0.0,0.0
0,3,4,2,31.275,9.0,31.275,1,2,0.0,0.0,1.0,0.0,0.0,0.0,0.0,1.0,0.0,0.0
0,3,4,2,31.275,11.0,31.275,1,2,0.0,0.0,1.0,0.0,0.0,0.0,0.0,1.0,0.0,0.0
1,2,1,0,26.0,32.0,26.0,0,2,0.0,0.0,0.0,1.0,0.0,0.0,1.0,0.0,0.0,0.0
0,1,1,0,106.425,50.0,106.425,0,0,0.0,0.0,0.0,1.0,0.0,0.0,1.0,0.0,0.0,0.0
0,1,0,0,26.0,64.0,26.0,0,2,0.0,0.0,0.0,1.0,0.0,0.0,0.0,0.0,1.0,0.0
1,2,1,0,26.0,19.0,26.0,1,2,0.0,0.0,0.0,0.0,1.0,0.0,0.0,0.0,0.0,1.0
1,2,0,0,13.8625,29.69911764705882,13.8625,0,0,0.0,0.0,0.0,1.0,0.0,0.0,0.0,0.0,0.0,1.0
0,3,1,1,20.525,33.0,20.525,0,2,0.0,0.0,0.0,1.0,0.0,0.0,1.0,0.0,0.0,0.0
1,2,1,1,36.75,8.0,36.75,0,2,0.0,1.0,0.0,0.0,0.0,0.0,0.0,1.0,0.0,0.0
1,1,0,2,110.8833,17.0,110.8833,0,0,0.0,0.0,0.0,1.0,0.0,0.0,0.0,0.0,0.0,1.0
0,2,0,0,26.0,27.0,26.0,0,2,0.0,0.0,0.0,1.0,0.0,0.0,0.0,0.0,0.0,1.0
0,3,0,0,7.8292,29.69911764705882,7.8292,0,1,0.0,0.0,0.0,1.0,0.0,0.0,0.0,0.0,0.0,1.0
1,3,0,0,7.225,22.0,7.225,0,0,0.0,0.0,0.0,1.0,0.0,0.0,0.0,0.0,0.0,1.0
1,3,0,0,7.775,22.0,7.775,1,2,0.0,0.0,1.0,0.0,0.0,0.0,0.0,0.0,0.0,1.0
0,1,0,0,26.55,62.0,26.55,0,2,0.0,0.0,0.0,1.0,0.0,0.0,0.0,0.0,1.0,0.0
1,1,1,0,39.6,48.0,39.6,1,0,1.0,0.0,0.0,0.0,0.0,0.0,1.0,0.0,0.0,0.0
0,1,0,0,227.525,29.69911764705882,227.525,0,0,0.0,0.0,0.0,1.0,0.0,0.0,0.0,0.0,0.0,1.0
1,1,1,1,79.65,39.0,79.65,1,2,0.0,0.0,0.0,0.0,1.0,0.0,1.0,0.0,0.0,0.0
1,3,1,0,17.4,36.0,17.4,1,2,0.0,0.0,0.0,0.0,1.0,0.0,1.0,0.0,0.0,0.0
0,3,0,0,7.75,29.69911764705882,7.75,0,1,0.0,0.0,0.0,1.0,0.0,0.0,0.0,0.0,0.0,1.0
0,3,0,0,7.8958,40.0,7.8958,0,2,0.0,0.0,0.0,1.0,0.0,0.0,1.0,0.0,0.0,0.0
0,2,0,0,13.5,28.0,13.5,0,2,0.0,0.0,0.0,1.0,0.0,0.0,0.0,0.0,0.0,1.0
0,3,0,0,8.05,29.69911764705882,8.05,0,2,0.0,0.0,0.0,1.0,0.0,0.0,0.0,0.0,0.0,1.0
0,3,0,0,8.05,29.69911764705882,8.05,1,2,0.0,0.0,1.0,0.0,0.0,0.0,0.0,0.0,0.0,1.0
0,3,2,0,24.15,24.0,24.15,0,2,0.0,0.0,0.0,1.0,0.0,0.0,0.0,0.0,0.0,1.0
0,3,0,0,7.8958,19.0,7.8958,0,2,0.0,0.0,0.0,1.0,0.0,0.0,0.0,0.0,0.0,1.0
0,3,0,4,21.075,29.0,21.075,1,2,0.0,0.0,0.0,0.0,1.0,0.0,0.0,0.0,0.0,1.0
0,3,0,0,7.2292,29.69911764705882,7.2292,0,0,0.0,0.0,0.0,1.0,0.0,0.0,0.0,0.0,0.0,1.0
1,3,0,0,7.8542,32.0,7.8542,0,2,0.0,0.0,0.0,1.0,0.0,0.0,1.0,0.0,0.0,0.0
1,2,0,0,10.5,62.0,10.5,0,2,0.0,0.0,0.0,1.0,0.0,0.0,0.0,0.0,1.0,0.0
1,1,2,0,51.4792,53.0,51.4792,1,2,0.0,0.0,0.0,0.0,1.0,0.0,0.0,0.0,1.0,0.0
1,1,0,0,26.3875,36.0,26.3875,0,2,0.0,0.0,0.0,1.0,0.0,0.0,1.0,0.0,0.0,0.0
1,3,0,0,7.75,29.69911764705882,7.75,1,1,0.0,0.0,1.0,0.0,0.0,0.0,0.0,0.0,0.0,1.0
0,3,0,0,8.05,16.0,8.05,0,2,0.0,0.0,0.0,1.0,0.0,0.0,0.0,1.0,0.0,0.0
0,3,0,0,14.5,19.0,14.5,0,2,0.0,0.0,0.0,1.0,0.0,0.0,0.0,0.0,0.0,1.0
1,2,0,0,13.0,34.0,13.0,1,2,0.0,0.0,1.0,0.0,0.0,0.0,1.0,0.0,0.0,0.0
1,1,1,0,55.9,39.0,55.9,1,2,0.0,0.0,0.0,0.0,1.0,0.0,1.0,0.0,0.0,0.0
0,3,1,0,14.4583,29.69911764705882,14.4583,1,0,0.0,0.0,0.0,0.0,1.0,0.0,0.0,0.0,0.0,1.0
1,3,0,0,7.925,32.0,7.925,0,2,0.0,0.0,0.0,1.0,0.0,0.0,1.0,0.0,0.0,0.0
1,2,1,1,30.0,25.0,30.0,1,2,0.0,0.0,1.0,0.0,0.0,0.0,0.0,0.0,0.0,1.0
1,1,1,1,110.8833,39.0,110.8833,1,0,0.0,0.0,0.0,0.0,1.0,0.0,1.0,0.0,0.0,0.0
0,2,0,0,26.0,54.0,26.0,0,2,0.0,0.0,0.0,1.0,0.0,0.0,0.0,0.0,1.0,0.0
0,1,0,0,40.125,36.0,40.125,0,0,0.0,0.0,0.0,1.0,0.0,0.0,1.0,0.0,0.0,0.0
0,3,0,0,8.7125,29.69911764705882,8.7125,0,0,0.0,0.0,0.0,1.0,0.0,0.0,0.0,0.0,0.0,1.0
1,1,0,2,79.65,18.0,79.65,1,2,0.0,0.0,1.0,0.0,0.0,0.0,0.0,0.0,0.0,1.0
0,2,0,0,15.0,47.0,15.0,0,2,0.0,0.0,0.0,1.0,0.0,0.0,1.0,0.0,0.0,0.0
1,1,1,1,79.2,60.0,79.2,0,0,0.0,0.0,0.0,1.0,0.0,0.0,0.0,0.0,1.0,0.0
0,3,0,0,8.05,22.0,8.05,0,2,0.0,0.0,0.0,1.0,0.0,0.0,0.0,0.0,0.0,1.0
0,3,0,0,8.05,29.69911764705882,8.05,0,2,0.0,0.0,0.0,1.0,0.0,0.0,0.0,0.0,0.0,1.0
0,3,0,0,7.125,35.0,7.125,0,2,0.0,0.0,0.0,1.0,0.0,0.0,1.0,0.0,0.0,0.0
1,1,1,0,78.2667,52.0,78.2667,1,0,0.0,0.0,0.0,0.0,1.0,0.0,0.0,0.0,1.0,0.0
0,3,0,0,7.25,47.0,7.25,0,2,0.0,0.0,0.0,1.0,0.0,0.0,1.0,0.0,0.0,0.0
0,3,0,2,7.75,29.69911764705882,7.75,1,1,0.0,0.0,1.0,0.0,0.0,0.0,0.0,0.0,0.0,1.0
0,2,1,0,26.0,37.0,26.0,0,2,0.0,0.0,0.0,1.0,0.0,0.0,1.0,0.0,0.0,0.0
0,3,1,1,24.15,36.0,24.15,0,2,0.0,0.0,0.0,1.0,0.0,0.0,1.0,0.0,0.0,0.0
1,2,0,0,33.0,29.69911764705882,33.0,1,2,0.0,0.0,1.0,0.0,0.0,0.0,0.0,0.0,0.0,1.0
0,3,0,0,0.0,49.0,0.0,0,2,0.0,0.0,0.0,1.0,0.0,0.0,1.0,0.0,0.0,0.0
0,3,0,0,7.225,29.69911764705882,7.225,0,0,0.0,0.0,0.0,1.0,0.0,0.0,0.0,0.0,0.0,1.0
1,1,1,0,56.9292,49.0,56.9292,0,0,1.0,0.0,0.0,0.0,0.0,0.0,1.0,0.0,0.0,0.0
1,2,2,1,27.0,24.0,27.0,1,2,0.0,0.0,0.0,0.0,1.0,0.0,0.0,0.0,0.0,1.0
0,3,0,0,7.8958,29.69911764705882,7.8958,0,2,0.0,0.0,0.0,1.0,0.0,0.0,0.0,0.0,0.0,1.0
0,1,0,0,42.4,29.69911764705882,42.4,0,2,0.0,0.0,0.0,1.0,0.0,0.0,0.0,0.0,0.0,1.0
0,3,0,0,8.05,44.0,8.05,0,2,0.0,0.0,0.0,1.0,0.0,0.0,1.0,0.0,0.0,0.0
1,1,0,0,26.55,35.0,26.55,0,0,0.0,0.0,0.0,1.0,0.0,0.0,1.0,0.0,0.0,0.0
0,3,1,0,15.55,36.0,15.55,0,2,0.0,0.0,0.0,1.0,0.0,0.0,1.0,0.0,0.0,0.0
0,3,0,0,7.8958,30.0,7.8958,0,2,0.0,0.0,0.0,1.0,0.0,0.0,0.0,0.0,0.0,1.0
1,1,0,0,30.5,27.0,30.5,0,2,0.0,0.0,0.0,1.0,0.0,0.0,0.0,0.0,0.0,1.0
1,2,1,2,41.5792,22.0,41.5792,1,0,0.0,0.0,0.0,0.0,1.0,0.0,0.0,0.0,0.0,1.0
1,1,0,0,153.4625,40.0,153.4625,1,2,0.0,0.0,1.0,0.0,0.0,0.0,1.0,0.0,0.0,0.0
0,3,1,5,31.275,39.0,31.275,1,2,0.0,0.0,0.0,0.0,1.0,0.0,1.0,0.0,0.0,0.0
0,3,0,0,7.05,29.69911764705882,7.05,0,2,0.0,0.0,0.0,1.0,0.0,0.0,0.0,0.0,0.0,1.0
1,3,1,0,15.5,29.69911764705882,15.5,1,1,0.0,0.0,1.0,0.0,0.0,0.0,0.0,0.0,0.0,1.0
0,3,0,0,7.75,29.69911764705882,7.75,0,1,0.0,0.0,0.0,1.0,0.0,0.0,0.0,0.0,0.0,1.0
0,3,0,0,8.05,35.0,8.05,0,2,0.0,0.0,0.0,1.0,0.0,0.0,1.0,0.0,0.0,0.0
1,2,1,2,65.0,24.0,65.0,1,2,0.0,0.0,1.0,0.0,0.0,0.0,0.0,0.0,0.0,1.0
0,3,1,1,14.4,34.0,14.4,0,2,0.0,0.0,0.0,1.0,0.0,0.0,1.0,0.0,0.0,0.0
0,3,1,0,16.1,26.0,16.1,1,2,0.0,0.0,0.0,0.0,1.0,0.0,0.0,0.0,0.0,1.0
1,2,2,1,39.0,4.0,39.0,1,2,0.0,0.0,1.0,0.0,0.0,0.0,0.0,1.0,0.0,0.0
0,2,0,0,10.5,26.0,10.5,0,2,0.0,0.0,0.0,1.0,0.0,0.0,0.0,0.0,0.0,1.0
0,3,1,0,14.4542,27.0,14.4542,0,0,0.0,0.0,0.0,1.0,0.0,0.0,0.0,0.0,0.0,1.0
1,1,1,0,52.5542,42.0,52.5542,0,2,0.0,0.0,0.0,1.0,0.0,0.0,1.0,0.0,0.0,0.0
1,3,1,1,15.7417,20.0,15.7417,0,0,0.0,0.0,0.0,1.0,0.0,0.0,0.0,0.0,0.0,1.0
0,3,0,0,7.8542,21.0,7.8542,0,2,0.0,0.0,0.0,1.0,0.0,0.0,0.0,0.0,0.0,1.0
0,3,0,0,16.1,21.0,16.1,0,2,0.0,0.0,0.0,1.0,0.0,0.0,0.0,0.0,0.0,1.0
0,1,0,0,32.3208,61.0,32.3208,0,2,0.0,0.0,0.0,1.0,0.0,0.0,0.0,0.0,1.0,0.0
0,2,0,0,12.35,57.0,12.35,0,1,1.0,0.0,0.0,0.0,0.0,0.0,0.0,0.0,1.0,0.0
1,1,0,0,77.9583,21.0,77.9583,1,2,0.0,0.0,1.0,0.0,0.0,0.0,0.0,0.0,0.0,1.0
0,3,0,0,7.8958,26.0,7.8958,0,2,0.0,0.0,0.0,1.0,0.0,0.0,0.0,0.0,0.0,1.0
0,3,0,0,7.7333,29.69911764705882,7.7333,0,1,0.0,0.0,0.0,1.0,0.0,0.0,0.0,0.0,0.0,1.0
1,1,0,0,30.0,80.0,30.0,0,2,0.0,0.0,0.0,1.0,0.0,0.0,0.0,0.0,1.0,0.0
0,3,0,0,7.0542,51.0,7.0542,0,2,0.0,0.0,0.0,1.0,0.0,0.0,0.0,0.0,1.0,0.0
1,1,0,0,30.5,32.0,30.5,0,0,0.0,0.0,0.0,0.0,0.0,1.0,1.0,0.0,0.0,0.0
0,1,0,0,0.0,29.69911764705882,0.0,0,2,0.0,0.0,0.0,1.0,0.0,0.0,0.0,0.0,0.0,1.0
0,3,3,2,27.9,9.0,27.9,1,2,0.0,0.0,1.0,0.0,0.0,0.0,0.0,1.0,0.0,0.0
1,2,0,0,13.0,28.0,13.0,1,2,0.0,0.0,1.0,0.0,0.0,0.0,0.0,0.0,0.0,1.0
0,3,0,0,7.925,32.0,7.925,0,2,0.0,0.0,0.0,1.0,0.0,0.0,1.0,0.0,0.0,0.0
0,2,1,1,26.25,31.0,26.25,0,2,0.0,0.0,0.0,1.0,0.0,0.0,1.0,0.0,0.0,0.0
0,3,0,5,39.6875,41.0,39.6875,1,2,0.0,0.0,0.0,0.0,1.0,0.0,1.0,0.0,0.0,0.0
0,3,1,0,16.1,29.69911764705882,16.1,0,2,0.0,0.0,0.0,1.0,0.0,0.0,0.0,0.0,0.0,1.0
0,3,0,0,7.8542,20.0,7.8542,0,2,0.0,0.0,0.0,1.0,0.0,0.0,0.0,0.0,0.0,1.0
1,1,0,0,69.3,24.0,69.3,1,0,0.0,0.0,1.0,0.0,0.0,0.0,0.0,0.0,0.0,1.0
0,3,3,2,27.9,2.0,27.9,1,2,0.0,0.0,1.0,0.0,0.0,0.0,0.0,1.0,0.0,0.0
1,3,0,0,56.4958,29.69911764705882,56.4958,0,2,0.0,0.0,0.0,1.0,0.0,0.0,0.0,0.0,0.0,1.0
1,3,2,1,19.2583,0.75,19.2583,1,0,0.0,0.0,1.0,0.0,0.0,0.0,0.0,1.0,0.0,0.0
1,1,1,0,76.7292,48.0,76.7292,0,0,0.0,0.0,0.0,1.0,0.0,0.0,1.0,0.0,0.0,0.0
0,3,0,0,7.8958,19.0,7.8958,0,2,0.0,0.0,0.0,1.0,0.0,0.0,0.0,0.0,0.0,1.0
1,1,0,0,35.5,56.0,35.5,0,0,1.0,0.0,0.0,0.0,0.0,0.0,0.0,0.0,1.0,0.0
0,3,0,0,7.55,29.69911764705882,7.55,0,2,0.0,0.0,0.0,1.0,0.0,0.0,0.0,0.0,0.0,1.0
1,3,0,0,7.55,23.0,7.55,1,2,0.0,0.0,1.0,0.0,0.0,0.0,0.0,0.0,0.0,1.0
0,3,0,0,7.8958,29.69911764705882,7.8958,0,2,0.0,0.0,0.0,1.0,0.0,0.0,0.0,0.0,0.0,1.0
1,2,0,1,23.0,18.0,23.0,1,2,0.0,0.0,1.0,0.0,0.0,0.0,0.0,0.0,0.0,1.0
0,3,0,0,8.4333,21.0,8.4333,0,2,0.0,0.0,0.0,1.0,0.0,0.0,0.0,0.0,0.0,1.0
1,3,0,0,7.8292,29.69911764705882,7.8292,1,1,0.0,0.0,1.0,0.0,0.0,0.0,0.0,0.0,0.0,1.0
0,3,0,0,6.75,18.0,6.75,1,1,0.0,0.0,1.0,0.0,0.0,0.0,0.0,0.0,0.0,1.0
0,2,2,0,73.5,24.0,73.5,0,2,0.0,0.0,0.0,1.0,0.0,0.0,0.0,0.0,0.0,1.0
0,3,0,0,7.8958,29.69911764705882,7.8958,0,2,0.0,0.0,0.0,1.0,0.0,0.0,0.0,0.0,0.0,1.0
0,3,1,1,15.5,32.0,15.5,1,1,0.0,0.0,0.0,0.0,1.0,0.0,1.0,0.0,0.0,0.0
0,2,0,0,13.0,23.0,13.0,0,2,0.0,0.0,0.0,1.0,0.0,0.0,0.0,0.0,0.0,1.0
0,1,0,2,113.275,58.0,113.275,0,0,0.0,0.0,0.0,1.0,0.0,0.0,0.0,0.0,1.0,0.0
1,1,2,0,133.65,50.0,133.65,0,2,0.0,0.0,0.0,0.0,0.0,1.0,1.0,0.0,0.0,0.0
0,3,0,0,7.225,40.0,7.225,0,0,0.0,0.0,0.0,1.0,0.0,0.0,1.0,0.0,0.0,0.0
0,1,0,0,25.5875,47.0,25.5875,0,2,0.0,0.0,0.0,1.0,0.0,0.0,1.0,0.0,0.0,0.0
0,3,0,0,7.4958,36.0,7.4958,0,2,0.0,0.0,0.0,1.0,0.0,0.0,1.0,0.0,0.0,0.0
1,3,1,0,7.925,20.0,7.925,0,2,0.0,0.0,0.0,1.0,0.0,0.0,0.0,0.0,0.0,1.0
0,2,2,0,73.5,32.0,73.5,0,2,0.0,0.0,0.0,1.0,0.0,0.0,1.0,0.0,0.0,0.0
0,2,0,0,13.0,25.0,13.0,0,2,0.0,0.0,0.0,1.0,0.0,0.0,0.0,0.0,0.0,1.0
0,3,0,0,7.775,29.69911764705882,7.775,0,2,0.0,0.0,0.0,1.0,0.0,0.0,0.0,0.0,0.0,1.0
0,3,0,0,8.05,43.0,8.05,0,2,0.0,0.0,0.0,1.0,0.0,0.0,1.0,0.0,0.0,0.0
1,1,1,0,52.0,29.69911764705882,52.0,1,2,0.0,0.0,0.0,0.0,1.0,0.0,0.0,0.0,0.0,1.0
1,2,1,1,39.0,40.0,39.0,1,2,0.0,0.0,0.0,0.0,1.0,0.0,1.0,0.0,0.0,0.0
0,1,1,0,52.0,31.0,52.0,0,2,0.0,0.0,0.0,1.0,0.0,0.0,1.0,0.0,0.0,0.0
0,2,0,0,10.5,70.0,10.5,0,2,0.0,0.0,0.0,1.0,0.0,0.0,0.0,0.0,1.0,0.0
1,2,0,0,13.0,31.0,13.0,0,2,0.0,0.0,0.0,1.0,0.0,0.0,1.0,0.0,0.0,0.0
0,2,0,0,0.0,29.69911764705882,0.0,0,2,0.0,0.0,0.0,1.0,0.0,0.0,0.0,0.0,0.0,1.0
0,3,0,0,7.775,18.0,7.775,0,2,0.0,0.0,0.0,1.0,0.0,0.0,0.0,0.0,0.0,1.0
0,3,0,0,8.05,24.5,8.05,0,2,0.0,0.0,0.0,1.0,0.0,0.0,0.0,0.0,0.0,1.0
1,3,0,0,9.8417,18.0,9.8417,1,2,0.0,0.0,1.0,0.0,0.0,0.0,0.0,0.0,0.0,1.0
0,3,1,6,46.9,43.0,46.9,1,2,0.0,0.0,0.0,0.0,1.0,0.0,1.0,0.0,0.0,0.0
1,1,0,1,512.3292,36.0,59.95414404761905,0,0,0.0,0.0,0.0,1.0,0.0,0.0,1.0,0.0,0.0,0.0
0,3,0,0,8.1375,29.69911764705882,8.1375,1,1,0.0,0.0,1.0,0.0,0.0,0.0,0.0,0.0,0.0,1.0
1,1,0,0,76.7292,27.0,76.7292,0,0,0.0,0.0,0.0,1.0,0.0,0.0,0.0,0.0,0.0,1.0
0,3,0,0,9.225,20.0,9.225,0,2,0.0,0.0,0.0,1.0,0.0,0.0,0.0,0.0,0.0,1.0
0,3,5,2,46.9,14.0,46.9,0,2,0.0,0.0,0.0,1.0,0.0,0.0,0.0,1.0,0.0,0.0
0,2,1,1,39.0,60.0,39.0,0,2,0.0,0.0,0.0,1.0,0.0,0.0,0.0,0.0,1.0,0.0
0,2,1,2,41.5792,25.0,41.5792,0,0,0.0,0.0,0.0,1.0,0.0,0.0,0.0,0.0,0.0,1.0
0,3,4,1,39.6875,14.0,39.6875,0,2,0.0,0.0,0.0,1.0,0.0,0.0,0.0,1.0,0.0,0.0
0,3,0,0,10.1708,19.0,10.1708,0,2,0.0,0.0,0.0,1.0,0.0,0.0,0.0,0.0,0.0,1.0
0,3,0,0,7.7958,18.0,7.7958,0,2,0.0,0.0,0.0,1.0,0.0,0.0,0.0,0.0,0.0,1.0
1,1,0,1,211.3375,15.0,211.3375,1,2,0.0,0.0,1.0,0.0,0.0,0.0,0.0,1.0,0.0,0.0
1,1,1,0,57.0,31.0,57.0,0,2,0.0,0.0,0.0,1.0,0.0,0.0,1.0,0.0,0.0,0.0
1,3,0,1,13.4167,4.0,13.4167,1,0,0.0,0.0,1.0,0.0,0.0,0.0,0.0,1.0,0.0,0.0
1,3,0,0,56.4958,29.69911764705882,56.4958,0,2,0.0,0.0,0.0,1.0,0.0,0.0,0.0,0.0,0.0,1.0
0,3,0,0,7.225,25.0,7.225,0,0,0.0,0.0,0.0,1.0,0.0,0.0,0.0,0.0,0.0,1.0
0,1,0,0,26.55,60.0,26.55,0,2,1.0,0.0,0.0,0.0,0.0,0.0,0.0,0.0,1.0,0.0
0,2,0,0,13.5,52.0,13.5,0,2,0.0,0.0,0.0,1.0,0.0,0.0,0.0,0.0,1.0,0.0
0,3,0,0,8.05,44.0,8.05,0,2,0.0,0.0,0.0,1.0,0.0,0.0,1.0,0.0,0.0,0.0
1,3,0,0,7.7333,29.69911764705882,7.7333,1,1,0.0,0.0,1.0,0.0,0.0,0.0,0.0,0.0,0.0,1.0
0,1,1,1,110.8833,49.0,110.8833,0,0,0.0,0.0,0.0,1.0,0.0,0.0,1.0,0.0,0.0,0.0
0,3,0,0,7.65,42.0,7.65,0,2,0.0,0.0,0.0,1.0,0.0,0.0,1.0,0.0,0.0,0.0
1,1,1,0,227.525,18.0,227.525,1,0,0.0,0.0,0.0,0.0,1.0,0.0,0.0,0.0,0.0,1.0
1,1,0,0,26.2875,35.0,26.2875,0,2,0.0,0.0,0.0,1.0,0.0,0.0,1.0,0.0,0.0,0.0
0,3,0,1,14.4542,18.0,14.4542,1,0,0.0,0.0,1.0,0.0,0.0,0.0,0.0,0.0,0.0,1.0
0,3,0,0,7.7417,25.0,7.7417,0,1,0.0,0.0,0.0,1.0,0.0,0.0,0.0,0.0,0.0,1.0
0,3,1,0,7.8542,26.0,7.8542,0,2,0.0,0.0,0.0,1.0,0.0,0.0,0.0,0.0,0.0,1.0
0,2,0,0,26.0,39.0,26.0,0,2,0.0,0.0,0.0,1.0,0.0,0.0,1.0,0.0,0.0,0.0
1,2,0,0,13.5,45.0,13.5,1,2,0.0,0.0,0.0,0.0,1.0,0.0,1.0,0.0,0.0,0.0
1,1,0,0,26.2875,42.0,26.2875,0,2,0.0,0.0,0.0,1.0,0.0,0.0,1.0,0.0,0.0,0.0
1,1,0,0,151.55,22.0,151.55,1,2,0.0,0.0,1.0,0.0,0.0,0.0,0.0,0.0,0.0,1.0
1,3,1,1,15.2458,29.69911764705882,15.2458,0,0,0.0,1.0,0.0,0.0,0.0,0.0,0.0,0.0,0.0,1.0
1,1,0,0,49.5042,24.0,49.5042,1,0,0.0,0.0,1.0,0.0,0.0,0.0,0.0,0.0,0.0,1.0
0,1,0,0,26.55,29.69911764705882,26.55,0,2,0.0,0.0,0.0,1.0,0.0,0.0,0.0,0.0,0.0,1.0
1,1,1,0,52.0,48.0,52.0,0,2,0.0,0.0,0.0,1.0,0.0,0.0,1.0,0.0,0.0,0.0
0,3,0,0,9.4833,29.0,9.4833,0,2,0.0,0.0,0.0,1.0,0.0,0.0,0.0,0.0,0.0,1.0
0,2,0,0,13.0,52.0,13.0,0,2,0.0,0.0,0.0,1.0,0.0,0.0,0.0,0.0,1.0,0.0
0,3,0,0,7.65,19.0,7.65,0,2,0.0,0.0,0.0,1.0,0.0,0.0,0.0,0.0,0.0,1.0
1,1,0,0,227.525,38.0,227.525,1,0,0.0,0.0,1.0,0.0,0.0,0.0,1.0,0.0,0.0,0.0
1,2,0,0,10.5,27.0,10.5,1,2,0.0,0.0,1.0,0.0,0.0,0.0,0.0,0.0,0.0,1.0
0,3,0,0,15.5,29.69911764705882,15.5,0,1,0.0,0.0,0.0,1.0,0.0,0.0,0.0,0.0,0.0,1.0
0,3,0,0,7.775,33.0,7.775,0,2,0.0,0.0,0.0,1.0,0.0,0.0,1.0,0.0,0.0,0.0
1,2,0,1,33.0,6.0,33.0,1,2,0.0,0.0,1.0,0.0,0.0,0.0,0.0,1.0,0.0,0.0
0,3,1,0,7.0542,17.0,7.0542,0,2,0.0,0.0,0.0,1.0,0.0,0.0,0.0,0.0,0.0,1.0
0,2,0,0,13.0,34.0,13.0,0,2,0.0,0.0,0.0,1.0,0.0,0.0,1.0,0.0,0.0,0.0
0,2,0,0,13.0,50.0,13.0,0,2,0.0,0.0,0.0,1.0,0.0,0.0,1.0,0.0,0.0,0.0
1,1,1,0,53.1,27.0,53.1,0,2,0.0,0.0,0.0,1.0,0.0,0.0,0.0,0.0,0.0,1.0
0,3,0,0,8.6625,20.0,8.6625,0,2,0.0,0.0,0.0,1.0,0.0,0.0,0.0,0.0,0.0,1.0
1,2,3,0,21.0,30.0,21.0,1,2,0.0,0.0,0.0,0.0,1.0,0.0,0.0,0.0,0.0,1.0
1,3,0,0,7.7375,29.69911764705882,7.7375,1,1,0.0,0.0,1.0,0.0,0.0,0.0,0.0,0.0,0.0,1.0
0,2,1,0,26.0,25.0,26.0,0,2,0.0,0.0,0.0,1.0,0.0,0.0,0.0,0.0,0.0,1.0
0,3,1,0,7.925,25.0,7.925,1,2,0.0,0.0,1.0,0.0,0.0,0.0,0.0,0.0,0.0,1.0
1,1,0,0,211.3375,29.0,211.3375,1,2,0.0,0.0,1.0,0.0,0.0,0.0,0.0,0.0,0.0,1.0
0,3,0,0,18.7875,11.0,18.7875,0,0,0.0,0.0,0.0,1.0,0.0,0.0,0.0,1.0,0.0,0.0
0,2,0,0,0.0,29.69911764705882,0.0,0,2,0.0,0.0,0.0,1.0,0.0,0.0,0.0,0.0,0.0,1.0
0,2,0,0,13.0,23.0,13.0,0,2,0.0,0.0,0.0,1.0,0.0,0.0,0.0,0.0,0.0,1.0
0,2,0,0,13.0,23.0,13.0,0,2,0.0,0.0,0.0,1.0,0.0,0.0,0.0,0.0,0.0,1.0
0,3,0,0,16.1,28.5,16.1,0,2,0.0,0.0,0.0,1.0,0.0,0.0,0.0,0.0,0.0,1.0
0,3,1,3,34.375,48.0,34.375,1,2,0.0,0.0,0.0,0.0,1.0,0.0,1.0,0.0,0.0,0.0
1,1,0,0,512.3292,35.0,59.95414404761905,0,0,0.0,0.0,0.0,1.0,0.0,0.0,1.0,0.0,0.0,0.0
0,3,0,0,7.8958,29.69911764705882,7.8958,0,2,0.0,0.0,0.0,1.0,0.0,0.0,0.0,0.0,0.0,1.0
0,3,0,0,7.8958,29.69911764705882,7.8958,0,2,0.0,0.0,0.0,1.0,0.0,0.0,0.0,0.0,0.0,1.0
1,1,0,0,30.0,29.69911764705882,30.0,0,2,0.0,0.0,0.0,1.0,0.0,0.0,0.0,0.0,0.0,1.0
0,1,1,0,78.85,36.0,78.85,0,2,0.0,0.0,0.0,1.0,0.0,0.0,1.0,0.0,0.0,0.0
1,1,2,2,262.375,21.0,262.375,1,0,0.0,0.0,1.0,0.0,0.0,0.0,0.0,0.0,0.0,1.0
0,3,1,0,16.1,24.0,16.1,0,2,0.0,0.0,0.0,1.0,0.0,0.0,0.0,0.0,0.0,1.0
1,3,0,0,7.925,31.0,7.925,0,2,0.0,0.0,0.0,1.0,0.0,0.0,1.0,0.0,0.0,0.0
0,1,1,1,71.0,70.0,71.0,0,2,0.0,0.0,0.0,0.0,0.0,1.0,0.0,0.0,1.0,0.0
0,3,1,1,20.25,16.0,20.25,0,2,0.0,0.0,0.0,1.0,0.0,0.0,0.0,1.0,0.0,0.0
1,2,0,0,13.0,30.0,13.0,1,2,0.0,0.0,1.0,0.0,0.0,0.0,0.0,0.0,0.0,1.0
0,1,1,0,53.1,19.0,53.1,0,2,0.0,0.0,0.0,1.0,0.0,0.0,0.0,0.0,0.0,1.0
0,3,0,0,7.75,31.0,7.75,0,1,0.0,0.0,0.0,1.0,0.0,0.0,1.0,0.0,0.0,0.0
1,2,1,1,23.0,4.0,23.0,1,2,0.0,0.0,1.0,0.0,0.0,0.0,0.0,1.0,0.0,0.0
1,3,0,1,12.475,6.0,12.475,0,2,0.0,1.0,0.0,0.0,0.0,0.0,0.0,1.0,0.0,0.0
0,3,0,0,9.5,33.0,9.5,0,2,0.0,0.0,0.0,1.0,0.0,0.0,1.0,0.0,0.0,0.0
0,3,0,0,7.8958,23.0,7.8958,0,2,0.0,0.0,0.0,1.0,0.0,0.0,0.0,0.0,0.0,1.0
1,2,1,2,65.0,48.0,65.0,1,2,0.0,0.0,0.0,0.0,1.0,0.0,1.0,0.0,0.0,0.0
1,2,1,1,14.5,0.67,14.5,0,2,0.0,1.0,0.0,0.0,0.0,0.0,0.0,1.0,0.0,0.0
0,3,0,0,7.7958,28.0,7.7958,0,2,0.0,0.0,0.0,1.0,0.0,0.0,0.0,0.0,0.0,1.0
0,2,0,0,11.5,18.0,11.5,0,2,0.0,0.0,0.0,1.0,0.0,0.0,0.0,0.0,0.0,1.0
0,3,0,0,8.05,34.0,8.05,0,2,0.0,0.0,0.0,1.0,0.0,0.0,1.0,0.0,0.0,0.0
1,1,0,0,86.5,33.0,86.5,1,2,1.0,0.0,0.0,0.0,0.0,0.0,1.0,0.0,0.0,0.0
0,3,0,0,14.5,29.69911764705882,14.5,0,2,0.0,0.0,0.0,1.0,0.0,0.0,0.0,0.0,0.0,1.0
0,3,0,0,7.125,41.0,7.125,0,2,0.0,0.0,0.0,1.0,0.0,0.0,1.0,0.0,0.0,0.0
1,3,0,0,7.2292,20.0,7.2292,0,0,0.0,0.0,0.0,1.0,0.0,0.0,0.0,0.0,0.0,1.0
1,1,1,2,120.0,36.0,120.0,1,2,0.0,0.0,0.0,0.0,1.0,0.0,1.0,0.0,0.0,0.0
0,3,0,0,7.775,16.0,7.775,0,2,0.0,0.0,0.0,1.0,0.0,0.0,0.0,1.0,0.0,0.0
1,1,1,0,77.9583,51.0,77.9583,1,2,0.0,0.0,0.0,0.0,1.0,0.0,0.0,0.0,1.0,0.0
0,1,0,0,39.6,29.69911764705882,39.6,0,0,0.0,0.0,0.0,0.0,0.0,1.0,0.0,0.0,0.0,1.0
0,3,0,0,7.75,30.5,7.75,1,1,0.0,0.0,1.0,0.0,0.0,0.0,1.0,0.0,0.0,0.0
0,3,1,0,24.15,29.69911764705882,24.15,0,1,0.0,0.0,0.0,1.0,0.0,0.0,0.0,0.0,0.0,1.0
0,3,0,0,8.3625,32.0,8.3625,0,2,0.0,0.0,0.0,1.0,0.0,0.0,1.0,0.0,0.0,0.0
0,3,0,0,9.5,24.0,9.5,0,2,0.0,0.0,0.0,1.0,0.0,0.0,0.0,0.0,0.0,1.0
0,3,0,0,7.8542,48.0,7.8542,0,2,0.0,0.0,0.0,1.0,0.0,0.0,1.0,0.0,0.0,0.0
0,2,0,0,10.5,57.0,10.5,1,2,0.0,0.0,0.0,0.0,1.0,0.0,0.0,0.0,1.0,0.0
0,3,0,0,7.225,29.69911764705882,7.225,0,0,0.0,0.0,0.0,1.0,0.0,0.0,0.0,0.0,0.0,1.0
1,2,1,3,23.0,54.0,23.0,1,2,0.0,0.0,0.0,0.0,1.0,0.0,0.0,0.0,1.0,0.0
0,3,0,0,7.75,18.0,7.75,0,2,0.0,0.0,0.0,1.0,0.0,0.0,0.0,0.0,0.0,1.0
0,3,0,0,7.75,29.69911764705882,7.75,0,1,0.0,0.0,0.0,1.0,0.0,0.0,0.0,0.0,0.0,1.0
1,3,0,0,12.475,5.0,12.475,1,2,0.0,0.0,1.0,0.0,0.0,0.0,0.0,1.0,0.0,0.0
0,3,0,0,7.7375,29.69911764705882,7.7375,0,1,0.0,0.0,0.0,1.0,0.0,0.0,0.0,0.0,0.0,1.0
1,1,0,1,211.3375,43.0,211.3375,1,2,0.0,0.0,0.0,0.0,1.0,0.0,1.0,0.0,0.0,0.0
1,3,0,0,7.2292,13.0,7.2292,1,0,0.0,0.0,1.0,0.0,0.0,0.0,0.0,1.0,0.0,0.0
1,1,1,0,57.0,17.0,57.0,1,2,0.0,0.0,0.0,0.0,1.0,0.0,0.0,0.0,0.0,1.0
0,1,0,0,30.0,29.0,30.0,0,2,0.0,0.0,0.0,1.0,0.0,0.0,0.0,0.0,0.0,1.0
0,3,1,2,23.45,29.69911764705882,23.45,0,2,0.0,0.0,0.0,1.0,0.0,0.0,0.0,0.0,0.0,1.0
0,3,0,0,7.05,25.0,7.05,0,2,0.0,0.0,0.0,1.0,0.0,0.0,0.0,0.0,0.0,1.0
0,3,0,0,7.25,25.0,7.25,0,2,0.0,0.0,0.0,1.0,0.0,0.0,0.0,0.0,0.0,1.0
1,3,0,0,7.4958,18.0,7.4958,1,2,0.0,0.0,1.0,0.0,0.0,0.0,0.0,0.0,0.0,1.0
0,3,4,1,29.125,8.0,29.125,0,1,0.0,1.0,0.0,0.0,0.0,0.0,0.0,1.0,0.0,0.0
1,3,1,2,20.575,1.0,20.575,0,2,0.0,1.0,0.0,0.0,0.0,0.0,0.0,1.0,0.0,0.0
0,1,0,0,79.2,46.0,79.2,0,0,0.0,0.0,0.0,1.0,0.0,0.0,1.0,0.0,0.0,0.0
0,3,0,0,7.75,29.69911764705882,7.75,0,1,0.0,0.0,0.0,1.0,0.0,0.0,0.0,0.0,0.0,1.0
0,2,0,0,26.0,16.0,26.0,0,2,0.0,0.0,0.0,1.0,0.0,0.0,0.0,1.0,0.0,0.0
0,3,8,2,69.55,29.69911764705882,69.55,1,2,0.0,0.0,1.0,0.0,0.0,0.0,0.0,0.0,0.0,1.0
0,1,0,0,30.6958,29.69911764705882,30.6958,0,0,0.0,0.0,0.0,1.0,0.0,0.0,0.0,0.0,0.0,1.0
0,3,0,0,7.8958,25.0,7.8958,0,2,0.0,0.0,0.0,1.0,0.0,0.0,0.0,0.0,0.0,1.0
0,2,0,0,13.0,39.0,13.0,0,2,0.0,0.0,0.0,1.0,0.0,0.0,1.0,0.0,0.0,0.0
1,1,0,0,25.9292,49.0,25.9292,1,2,0.0,0.0,0.0,0.0,0.0,1.0,1.0,0.0,0.0,0.0
1,3,0,0,8.6833,31.0,8.6833,1,2,0.0,0.0,0.0,0.0,1.0,0.0,1.0,0.0,0.0,0.0
0,3,0,0,7.2292,30.0,7.2292,0,0,0.0,0.0,0.0,1.0,0.0,0.0,0.0,0.0,0.0,1.0
0,3,1,1,24.15,30.0,24.15,1,2,0.0,0.0,0.0,0.0,1.0,0.0,0.0,0.0,0.0,1.0
0,2,0,0,13.0,34.0,13.0,0,2,0.0,0.0,0.0,1.0,0.0,0.0,1.0,0.0,0.0,0.0
1,2,1,1,26.25,31.0,26.25,1,2,0.0,0.0,0.0,0.0,1.0,0.0,1.0,0.0,0.0,0.0
1,1,1,2,120.0,11.0,120.0,0,2,0.0,1.0,0.0,0.0,0.0,0.0,0.0,1.0,0.0,0.0
1,3,0,1,8.5167,0.42,8.5167,0,0,0.0,1.0,0.0,0.0,0.0,0.0,0.0,1.0,0.0,0.0
1,3,0,0,6.975,27.0,6.975,0,2,0.0,0.0,0.0,1.0,0.0,0.0,0.0,0.0,0.0,1.0
0,3,0,0,7.775,31.0,7.775,0,2,0.0,0.0,0.0,1.0,0.0,0.0,1.0,0.0,0.0,0.0
0,1,0,0,0.0,39.0,0.0,0,2,0.0,0.0,0.0,1.0,0.0,0.0,1.0,0.0,0.0,0.0
0,3,0,0,7.775,18.0,7.775,1,2,0.0,0.0,1.0,0.0,0.0,0.0,0.0,0.0,0.0,1.0
0,2,0,0,13.0,39.0,13.0,0,2,0.0,0.0,0.0,1.0,0.0,0.0,1.0,0.0,0.0,0.0
1,1,1,0,53.1,33.0,53.1,1,2,0.0,0.0,0.0,0.0,1.0,0.0,1.0,0.0,0.0,0.0
0,3,0,0,7.8875,26.0,7.8875,0,2,0.0,0.0,0.0,1.0,0.0,0.0,0.0,0.0,0.0,1.0
0,3,0,0,24.15,39.0,24.15,0,2,0.0,0.0,0.0,1.0,0.0,0.0,1.0,0.0,0.0,0.0
0,2,0,0,10.5,35.0,10.5,0,2,0.0,0.0,0.0,1.0,0.0,0.0,1.0,0.0,0.0,0.0
0,3,4,2,31.275,6.0,31.275,1,2,0.0,0.0,1.0,0.0,0.0,0.0,0.0,1.0,0.0,0.0
0,3,0,0,8.05,30.5,8.05,0,2,0.0,0.0,0.0,1.0,0.0,0.0,1.0,0.0,0.0,0.0
0,1,0,0,0.0,29.69911764705882,0.0,0,2,0.0,0.0,0.0,1.0,0.0,0.0,0.0,0.0,0.0,1.0
0,3,0,0,7.925,23.0,7.925,1,2,0.0,0.0,1.0,0.0,0.0,0.0,0.0,0.0,0.0,1.0
0,2,1,1,37.0042,31.0,37.0042,0,0,0.0,0.0,0.0,1.0,0.0,0.0,1.0,0.0,0.0,0.0
0,3,0,0,6.45,43.0,6.45,0,2,0.0,0.0,0.0,1.0,0.0,0.0,1.0,0.0,0.0,0.0
0,3,3,2,27.9,10.0,27.9,0,2,0.0,1.0,0.0,0.0,0.0,0.0,0.0,1.0,0.0,0.0
1,1,1,1,93.5,52.0,93.5,1,2,0.0,0.0,0.0,0.0,1.0,0.0,0.0,0.0,1.0,0.0
1,3,0,0,8.6625,27.0,8.6625,0,2,0.0,0.0,0.0,1.0,0.0,0.0,0.0,0.0,0.0,1.0
0,1,0,0,0.0,38.0,0.0,0,2,1.0,0.0,0.0,0.0,0.0,0.0,1.0,0.0,0.0,0.0
1,3,0,1,12.475,27.0,12.475,1,2,0.0,0.0,0.0,0.0,1.0,0.0,0.0,0.0,0.0,1.0
0,3,4,1,39.6875,2.0,39.6875,0,2,0.0,1.0,0.0,0.0,0.0,0.0,0.0,1.0,0.0,0.0
0,3,0,0,6.95,29.69911764705882,6.95,0,1,0.0,0.0,0.0,1.0,0.0,0.0,0.0,0.0,0.0,1.0
0,3,0,0,56.4958,29.69911764705882,56.4958,0,2,0.0,0.0,0.0,1.0,0.0,0.0,0.0,0.0,0.0,1.0
1,2,0,2,37.0042,1.0,37.0042,0,0,0.0,1.0,0.0,0.0,0.0,0.0,0.0,1.0,0.0,0.0
1,3,0,0,7.75,29.69911764705882,7.75,0,1,0.0,0.0,0.0,1.0,0.0,0.0,0.0,0.0,0.0,1.0
1,1,0,0,80.0,62.0,80.0,1,2,0.0,0.0,0.0,0.0,1.0,0.0,0.0,0.0,1.0,0.0
1,3,1,0,14.4542,15.0,14.4542,1,0,0.0,0.0,0.0,0.0,1.0,0.0,0.0,1.0,0.0,0.0
1,2,1,1,18.75,0.83,18.75,0,2,0.0,1.0,0.0,0.0,0.0,0.0,0.0,1.0,0.0,0.0
0,3,0,0,7.2292,29.69911764705882,7.2292,0,0,0.0,0.0,0.0,1.0,0.0,0.0,0.0,0.0,0.0,1.0
0,3,0,0,7.8542,23.0,7.8542,0,2,0.0,0.0,0.0,1.0,0.0,0.0,0.0,0.0,0.0,1.0
0,3,0,0,8.3,18.0,8.3,0,2,0.0,0.0,0.0,1.0,0.0,0.0,0.0,0.0,0.0,1.0
1,1,1,1,83.1583,39.0,83.1583,1,0,0.0,0.0,1.0,0.0,0.0,0.0,1.0,0.0,0.0,0.0
0,3,0,0,8.6625,21.0,8.6625,0,2,0.0,0.0,0.0,1.0,0.0,0.0,0.0,0.0,0.0,1.0
0,3,0,0,8.05,29.69911764705882,8.05,0,2,0.0,0.0,0.0,1.0,0.0,0.0,0.0,0.0,0.0,1.0
1,3,0,0,56.4958,32.0,56.4958,0,2,0.0,0.0,0.0,1.0,0.0,0.0,1.0,0.0,0.0,0.0
1,1,0,0,29.7,29.69911764705882,29.7,0,0,0.0,0.0,0.0,1.0,0.0,0.0,0.0,0.0,0.0,1.0
0,3,0,0,7.925,20.0,7.925,0,2,0.0,0.0,0.0,1.0,0.0,0.0,0.0,0.0,0.0,1.0
0,2,0,0,10.5,16.0,10.5,0,2,0.0,0.0,0.0,1.0,0.0,0.0,0.0,1.0,0.0,0.0
1,1,0,0,31.0,30.0,31.0,1,0,0.0,0.0,1.0,0.0,0.0,0.0,0.0,0.0,0.0,1.0
0,3,0,0,6.4375,34.5,6.4375,0,0,0.0,0.0,0.0,1.0,0.0,0.0,1.0,0.0,0.0,0.0
0,3,0,0,8.6625,17.0,8.6625,0,2,0.0,0.0,0.0,1.0,0.0,0.0,0.0,0.0,0.0,1.0
0,3,0,0,7.55,42.0,7.55,0,2,0.0,0.0,0.0,1.0,0.0,0.0,1.0,0.0,0.0,0.0
0,3,8,2,69.55,29.69911764705882,69.55,0,2,0.0,0.0,0.0,1.0,0.0,0.0,0.0,0.0,0.0,1.0
0,3,0,0,7.8958,35.0,7.8958,0,0,0.0,0.0,0.0,1.0,0.0,0.0,1.0,0.0,0.0,0.0
0,2,0,1,33.0,28.0,33.0,0,2,1.0,0.0,0.0,0.0,0.0,0.0,0.0,0.0,0.0,1.0
1,1,1,0,89.1042,29.69911764705882,89.1042,1,0,0.0,0.0,0.0,0.0,1.0,0.0,0.0,0.0,0.0,1.0
0,3,4,2,31.275,4.0,31.275,0,2,0.0,1.0,0.0,0.0,0.0,0.0,0.0,1.0,0.0,0.0
0,3,0,0,7.775,74.0,7.775,0,2,0.0,0.0,0.0,1.0,0.0,0.0,0.0,0.0,1.0,0.0
0,3,1,1,15.2458,9.0,15.2458,1,0,0.0,0.0,1.0,0.0,0.0,0.0,0.0,1.0,0.0,0.0
1,1,0,1,39.4,16.0,39.4,1,2,0.0,0.0,1.0,0.0,0.0,0.0,0.0,1.0,0.0,0.0
0,2,1,0,26.0,44.0,26.0,1,2,0.0,0.0,0.0,0.0,1.0,0.0,1.0,0.0,0.0,0.0
1,3,0,1,9.35,18.0,9.35,1,2,0.0,0.0,0.0,0.0,1.0,0.0,0.0,0.0,0.0,1.0
1,1,1,1,164.8667,45.0,164.8667,1,2,0.0,0.0,0.0,0.0,1.0,0.0,1.0,0.0,0.0,0.0
1,1,0,0,26.55,51.0,26.55,0,2,0.0,0.0,0.0,1.0,0.0,0.0,0.0,0.0,1.0,0.0
1,3,0,3,19.2583,24.0,19.2583,1,0,0.0,0.0,0.0,0.0,1.0,0.0,0.0,0.0,0.0,1.0
0,3,0,0,7.2292,29.69911764705882,7.2292,0,0,0.0,0.0,0.0,1.0,0.0,0.0,0.0,0.0,0.0,1.0
0,3,2,0,14.1083,41.0,14.1083,0,2,0.0,0.0,0.0,1.0,0.0,0.0,1.0,0.0,0.0,0.0
0,2,1,0,11.5,21.0,11.5,0,2,0.0,0.0,0.0,1.0,0.0,0.0,0.0,0.0,0.0,1.0
1,1,0,0,25.9292,48.0,25.9292,1,2,0.0,0.0,0.0,0.0,1.0,0.0,1.0,0.0,0.0,0.0
0,3,8,2,69.55,29.69911764705882,69.55,1,2,0.0,0.0,1.0,0.0,0.0,0.0,0.0,0.0,0.0,1.0
0,2,0,0,13.0,24.0,13.0,0,2,0.0,0.0,0.0,1.0,0.0,0.0,0.0,0.0,0.0,1.0
1,2,0,0,13.0,42.0,13.0,1,2,0.0,0.0,0.0,0.0,1.0,0.0,1.0,0.0,0.0,0.0
1,2,1,0,13.8583,27.0,13.8583,1,0,0.0,0.0,1.0,0.0,0.0,0.0,0.0,0.0,0.0,1.0
0,1,0,0,50.4958,31.0,50.4958,0,2,0.0,0.0,0.0,1.0,0.0,0.0,1.0,0.0,0.0,0.0
0,3,0,0,9.5,29.69911764705882,9.5,0,2,0.0,0.0,0.0,1.0,0.0,0.0,0.0,0.0,0.0,1.0
1,3,1,1,11.1333,4.0,11.1333,0,2,0.0,1.0,0.0,0.0,0.0,0.0,0.0,1.0,0.0,0.0
0,3,0,0,7.8958,26.0,7.8958,0,2,0.0,0.0,0.0,1.0,0.0,0.0,0.0,0.0,0.0,1.0
1,1,1,1,52.5542,47.0,52.5542,1,2,0.0,0.0,0.0,0.0,1.0,0.0,1.0,0.0,0.0,0.0
0,1,0,0,5.0,33.0,5.0,0,2,0.0,0.0,0.0,1.0,0.0,0.0,1.0,0.0,0.0,0.0
0,3,0,0,9.0,47.0,9.0,0,2,0.0,0.0,0.0,1.0,0.0,0.0,1.0,0.0,0.0,0.0
1,2,1,0,24.0,28.0,24.0,1,0,0.0,0.0,0.0,0.0,1.0,0.0,0.0,0.0,0.0,1.0
1,3,0,0,7.225,15.0,7.225,1,0,0.0,0.0,1.0,0.0,0.0,0.0,0.0,1.0,0.0,0.0
0,3,0,0,9.8458,20.0,9.8458,0,2,0.0,0.0,0.0,1.0,0.0,0.0,0.0,0.0,0.0,1.0
0,3,0,0,7.8958,19.0,7.8958,0,2,0.0,0.0,0.0,1.0,0.0,0.0,0.0,0.0,0.0,1.0
0,3,0,0,7.8958,29.69911764705882,7.8958,0,2,0.0,0.0,0.0,1.0,0.0,0.0,0.0,0.0,0.0,1.0
1,1,0,1,83.1583,56.0,83.1583,1,0,0.0,0.0,0.0,0.0,1.0,0.0,0.0,0.0,1.0,0.0
1,2,0,1,26.0,25.0,26.0,1,2,0.0,0.0,0.0,0.0,1.0,0.0,0.0,0.0,0.0,1.0
0,3,0,0,7.8958,33.0,7.8958,0,2,0.0,0.0,0.0,1.0,0.0,0.0,1.0,0.0,0.0,0.0
0,3,0,0,10.5167,22.0,10.5167,1,2,0.0,0.0,1.0,0.0,0.0,0.0,0.0,0.0,0.0,1.0
0,2,0,0,10.5,28.0,10.5,0,2,0.0,0.0,0.0,1.0,0.0,0.0,0.0,0.0,0.0,1.0
0,3,0,0,7.05,25.0,7.05,0,2,0.0,0.0,0.0,1.0,0.0,0.0,0.0,0.0,0.0,1.0
0,3,0,5,29.125,39.0,29.125,1,1,0.0,0.0,0.0,0.0,1.0,0.0,1.0,0.0,0.0,0.0
0,2,0,0,13.0,27.0,13.0,0,2,1.0,0.0,0.0,0.0,0.0,0.0,0.0,0.0,0.0,1.0
1,1,0,0,30.0,19.0,30.0,1,2,0.0,0.0,1.0,0.0,0.0,0.0,0.0,0.0,0.0,1.0
0,3,1,2,23.45,29.69911764705882,23.45,1,2,0.0,0.0,1.0,0.0,0.0,0.0,0.0,0.0,0.0,1.0
1,1,0,0,30.0,26.0,30.0,0,0,0.0,0.0,0.0,1.0,0.0,0.0,0.0,0.0,0.0,1.0
0,3,0,0,7.75,32.0,7.75,0,1,0.0,0.0,0.0,1.0,0.0,0.0,1.0,0.0,0.0,0.0
